duration,touchCount,pressure,distance,acceleration_y_min,acceleration_y_mean,acceleration_y_max,acceleration_euclidean_min,acceleration_euclidean_mean,acceleration_euclidean_max,acceleration_x_min,acceleration_x_mean,acceleration_x_max,velocity_y_min,velocity_y_mean,velocity_y_max,velocity_euclidean_min,velocity_euclidean_mean,velocity_euclidean_max,velocity_x_min,velocity_x_mean,velocity_x_max,coordinates_end_y,coordinates_end_x,coordinates_start_y,coordinates_start_x,coordinates_difference_x_abs,coordinates_difference_y_abs,valenceValue,arousalValue
10929.0,888,0.1058823615312576,212.07664229052256,1.9321839014689126e-06,0.0140124905692942,0.2910539656877517,2.4729516177141204e-05,0.0036800502865573,0.134570820714741,7.461654935137961e-07,0.0119472740775072,0.5583343505859375,0.0018062938470393,0.1269743975282452,1.2011332511901855,0.0054761989106095,0.1750367405136196,2.4774047997463744,2.1383099010563456e-05,0.0961306009625928,2.2398808002471924,1294.8481800567088,612.0841054055614,1087.4989490119658,567.5554787663305,44.52862663923099,207.34923104474296,3.569502772,1.356594199
138.0,10,0.0352941192686557,4.592352240571804,4.505801161240715e-07,0.0010049024100685,0.0021936954872217,0.0001526948915733,0.0009142023538029,0.0017978372701759,0.0011651948094367,0.0083505190727331,0.0440084002912044,1.1715083019225858e-05,0.0275813486245573,0.0414424501359462,0.0179245095123535,0.0418478681154246,0.058463230530638,0.009741747751832,0.0285022165626287,0.0440813563764095,1180.8694289397722,252.65687516416554,1178.1359343640058,256.34709284144986,3.6902176772843234,2.733494575766372,3.273037024,1.342907504
132.0,12,0.0313725508749485,4.39710450646159,0.0003736151847988,0.0029525494368279,0.0072526995920472,0.000187499816965,0.0019066395130397,0.0061472639770874,0.0018802892494325,0.0094228581958801,0.0239583235234022,0.0060356180183589,0.0287344144572588,0.0695204138755798,0.0300893175565785,0.0582653874250433,0.1167980155646616,0.0143899684771895,0.0487425805662166,0.0978119745850563,1380.41464686631,634.7173265972981,1377.6811522905439,638.1615297627634,3.4442031654652965,2.7334945757661444,3.498767113,1.552713304
11946.0,1103,0.1058823615312576,160.29339042440884,0.0013772835955023,0.0346895750256091,1.099626362323761,0.0001224862135983,0.0064179412168729,0.2362284912090485,2.262454462360661e-05,0.0222795717409693,0.3901632726192474,0.0194705016911029,0.2517306659419915,6.11861515045166,0.0369779929980807,0.3230394455190124,6.3133392987158325,0.0045595983974635,0.1627576465957537,1.5654135942459106,1170.1188225644985,499.16344448066087,1311.3721547672153,574.9359141208992,75.77246964023828,141.25333220271682,3.352421746,1.427988538
1380.0,128,0.0274509824812412,108.93143368280569,0.0,0.040311527219951,0.1998075417109898,0.0046433002821036,0.0049720355620902,0.0313016054213984,0.0046433002821036,0.0199041948461002,0.1892686188220977,0.0,0.4119116049502815,1.4224164485931396,0.0325031019747257,0.4723185362186589,1.506711178319348,0.0325031019747257,0.1766365164868885,0.7624075412750244,1378.7745501208503,450.6985571784248,1272.7148466855156,425.85109148471025,24.847465693714526,106.05970343533477,3.53366033,1.434473204
115.0,6,0.0352941192686557,1.4760870709137335,9.718252790157245e-08,0.0041674729102769,0.0176928993314504,0.0011875218648078,0.005261993435436,0.0194016719107508,0.0011875218608313,0.004992922923447,0.0090858496259897,0.0707715973258018,0.0220910624716452,0.0707715973258018,0.0776066876430033,0.0449009092840382,0.0776066876430033,0.0318461768329143,0.0334489423781633,0.0627117380499839,1146.9740962002716,489.32280706009897,1146.9740962002716,490.79889413101273,1.4760870709137635,0.0,3.449002491,1.570672193
153.0,11,0.0235294140875339,5.2039878904558625,0.0001693785722766,0.0023377704987368,0.0073044867638279,0.0002005411579574,0.002255118466372,0.0097546138613257,2.893345320925993e-05,0.0017817170147474,0.0065252566710114,0.0083880219608545,0.042213325202465,0.116012156009674,0.0087512749353296,0.0574030570415484,0.1560738217812112,0.0024951754603534,0.0349074947880581,0.1044041067361831,1481.0072472545053,747.6380444700023,1478.2737526787391,743.2097832572612,4.428261212741177,2.7334945757661444,3.543674442,1.342505129
9090.0,832,0.0352941192686557,0.0,1.135049387812614e-09,1.40190346797988e-05,4.941999742930586e-05,1.135049387812614e-09,6.914846174409629e-06,4.600953543558717e-05,2.2224743257869367e-10,6.421808448486816e-06,2.384537087478252e-05,1.0835404282261152e-05,9.562918157815116e-05,0.0006901430315338,2.1527624066108065e-05,0.0001139495129939,0.0006901430315338,3.101182301179506e-05,4.519808208775818e-05,0.0001715165853966,1302.880667763205,659.9761262768617,1302.880667763205,659.9761262768617,0.0,0.0,3.340759894,1.420496539
3344.0,397,0.0509803965687751,188.6011499172945,6.43815313066755e-05,0.1042661268790524,1.0301992297172546,1.1319213761105751e-05,0.0138650665501686,0.0951795249763092,1.036887988448143e-05,0.0700376207073479,0.3769170939922333,0.0042725349776446,0.8619791512775018,4.159807205200195,0.0279408394144941,1.0857561734273165,4.537938907091495,0.0031201776582747,0.5147004842733485,1.813530683517456,967.6569659256179,417.4865980828658,800.3671548365318,504.5757067928742,87.08910871000842,167.28981108908613,3.462607335,1.476871279
123.0,13,0.0235294140875339,7.145304626637899,9.289616718888284e-05,0.002095663265532,0.0137324510142207,0.0001351000843661,0.0021539106090876,0.0137324040704108,1.057803092407994e-06,0.0004481317478082,0.0029013326275162,0.0337265953421592,0.0588315908486644,0.143586203455925,0.0337269724512102,0.0593734514139128,0.1435862050144972,5.471141776069999e-05,0.0044388933717224,0.0208717063069343,1470.0732689514405,752.0663056827435,1462.9661830544485,752.8043492182004,0.7380435354568817,7.1070858969919755,3.543674442,1.342505129
11243.0,1213,0.0470588281750679,107.37411531580291,3.888141691277269e-06,0.0206751775612747,0.1424212157726287,4.672964744723157e-06,0.0024175265633203,0.0185181733161516,2.592094460851513e-06,0.0100389657688563,0.0818675458431243,3.1105133530218154e-05,0.1727764786576882,1.490619659423828,3.7383717957785255e-05,0.1986294232990455,1.508435509002196,2.0736755686812103e-05,0.0760711231101593,0.5082841515541077,918.454063561827,616.2662382108764,811.3011331395965,623.1546445418071,6.888406330930707,107.1529304222305,3.34164533,1.362472349
9141.0,904,0.062745101749897,155.1189427451966,0.0006295718252658,0.0358575030266554,0.2695667573383876,5.03766167835862e-05,0.0029766857712193,0.0303182933815364,5.03766167835862e-05,0.0299676058753779,0.4631300717592239,0.0147783933207392,0.2667350338251537,1.3530261516571045,0.024404264397174,0.3746684523296926,2.24779845833113,0.0162057094275951,0.2348139890140683,1.8551207780838013,1308.796975085629,627.5829057545484,1461.872785224142,652.6763859600818,25.09348020553341,153.07581013851313,3.482460944,1.335566124
8024.0,363,0.0666666701436042,606.3748616920594,0.0003341499343514,0.0131315958861866,0.2262079939246177,5.597130720168871e-05,0.0024194447201011,0.0484524174138757,1.5972749679349365e-07,0.0039664812259641,0.0645134378882015,0.0538219511508941,0.1216140131666998,1.967233777046204,0.0668299945054457,0.1502506967474604,2.4886013829309084,3.1945499358698726e-05,0.0747898308965776,1.5241811275482178,953.55437943745,996.4745907725265,1522.3718498540231,786.3861373988217,210.08845337370485,568.8174704165731,3.382729049,1.367281342
173.0,13,0.0352941192686557,6.506406170109736,7.730990182608366e-05,0.0024261591373514,0.0123169351783063,0.0002133052054934,0.001565092423433,0.0045279357303194,0.0018375151687198,0.0091462328340726,0.020631717890501,3.73491711798124e-05,0.020498438752232,0.0734970048069953,0.0339889732535102,0.0604577838808406,0.1195450720148531,0.0330752730369567,0.0538297646368543,0.1135587841272354,1274.3549434309753,294.72532821130505,1277.0884380067414,300.62967649496,5.90434828365494,2.7334945757661444,3.480867738,1.332046454
8861.0,438,0.0352941192686557,303.0868983395415,0.0020163892768323,0.0009563063216547,0.0149757723013559,0.0022423952296104,0.0009831908502688,0.0137621627122222,0.0009810762712731,0.0026333385701604,0.0282078245654702,0.0322622284293174,0.0240638867934143,0.1857742518186569,0.0358783236737674,0.0742455101348002,0.3840610234322816,0.0156972203403711,0.0669640118018585,0.3680978715419769,1197.3690299903114,746.4080288587112,1075.4961743297765,468.90365952692935,277.50436933178185,121.87285566053492,3.281569149,1.3292761
116.0,11,0.0274509824812412,8.101526409280345,0.0002965438697073,0.0028116902286042,0.0084066479466855,4.613061806789224e-05,0.0023960542787414,0.0069728524091488,0.0060693678401765,0.015527267892298,0.0262796049937605,0.0130657367408275,0.0422389645129442,0.0708058103919029,0.0615699911728313,0.0903283494155905,0.1458035645728729,0.0497026070952415,0.0783029343932867,0.1274567246437072,1425.2439579088752,599.2912368953685,1422.510463333109,606.917686761756,7.626449866387588,2.7334945757661444,3.579257466,1.346695195
9938.0,947,0.0431372560560703,527.638656476736,0.0009353133291006,0.0151057736648901,0.1927955597639084,0.0012581511063955,0.0026457179918768,0.0159267191969035,0.0008415064960718,0.0153246529708239,0.130773976445198,0.0054209744557738,0.1810879502218566,0.7736554145812988,0.0314537776598885,0.2331470961516435,1.1112339344917517,0.0210376624017953,0.1068302377948875,1.109508991241455,1399.5492227922805,379.6003632627466,886.7455264829393,503.837720205221,124.23735694247438,512.8036963093411,3.436861386,1.5347217
440.0,46,0.039215687662363,168.67057018977476,0.0002666856299209,0.0127791448582804,0.045646139553615,2.2422491089311818e-05,0.0110587678698211,0.046592389539592,0.0001324638724327,0.0099919821680532,0.0352602265775203,0.0020138507243245,0.5057428971605582,1.9724057912826536,0.0213699107924502,0.5277652270356495,1.9882508786473017,0.0046267816796898,0.0969772050157189,0.3549582362174988,1178.1359343640058,475.79203738395825,1009.7526684968096,465.9514569112,9.840580472758234,168.3832658671962,3.449002491,1.570672193
690.0,58,0.0431372560560703,410.1501949805762,1.2422668292214549e-06,0.0131556515816645,0.0674625039100647,1.01681952446996e-05,0.017175599696919,0.0655508798915093,0.0009492471375886,0.0214459675821068,0.0647317469120025,2.111853609676473e-05,0.0967228556208347,0.3919728696346283,0.0155415783046258,0.9975999188529916,3.8137734243195776,0.0155413765460252,0.9873177394303576,3.796856164932251,1354.7196839585008,580.1021049734899,1348.705995891815,169.99599919299646,410.1061057804934,6.013688066685745,3.251141503,1.376458797
10790.0,321,0.1019607931375503,287.4701637783302,1.36624148581177e-06,0.0008203018767556,0.0131559724609057,1.715074119260432e-07,0.0012597396509488,0.0173927234555887,2.4947715274086506e-06,0.0041654717673567,0.0441256007727454,0.0781175792217254,0.0330741718849211,0.2470795065164566,0.0781176226038228,0.0634044837286623,0.3759414614672632,8.232746040448546e-05,0.0445669469540817,0.3751139342784881,1581.2345532603151,507.1860171878955,1329.936088718068,646.7860772933586,139.60006010546311,251.29846454224707,3.492666184,1.344882345
8407.0,179,0.0666666701436042,31.941243673681683,3.360058454906239e-05,0.0031324796974479,0.0312885028474471,3.345901637391528e-05,0.0011013594081053,0.0064805413190629,0.0011808937963317,0.0022177286676753,0.0227763617739957,0.0046948483213782,0.0396022128143925,0.2731522023677826,0.0109217368504753,0.0601552470813766,0.2898703621166938,0.0061560021713376,0.0327255272645487,0.2043558061122894,963.1761674942478,862.932126963553,982.985731140596,837.8757059189827,25.056421044570243,19.809563646348238,3.446541752,1.449245992
365.0,29,0.0313725508749485,16.5031551563583,1.77015972440131e-06,0.0025148759216768,0.0137853678315877,4.991070951230046e-06,0.0033655475055864,0.0161305105148214,1.7524820982038768e-06,0.0035198185355155,0.0228351304928461,4.205956793157384e-05,0.0882983829394236,0.2492005228996276,4.4919638561070416e-05,0.1052377521635175,0.2565393232125044,1.577233888383489e-05,0.0371399123244892,0.1822180300951004,1046.9281947272295,577.3959453434815,1032.1673240180924,570.0155099889128,7.380435354568704,14.76087070913718,3.459822632,1.506601477
843.0,38,0.039215687662363,32.72931858586091,0.0,0.0049866560096604,0.0327762190033407,0.0,0.0029992232730763,0.0138644683906761,0.0,0.0052890762219572,0.0205874162561753,0.0,0.0995564965021519,0.4417266547679901,0.0,0.1207954634034789,0.4630342740162231,0.0,0.0531566101307288,0.1772618293762207,1198.0609935866635,968.6647168659156,1168.6296418835175,982.9826717485272,14.317954882611616,29.431351703145992,3.445206488,1.533568286
1406.0,159,0.039215687662363,96.03604190072501,1.3480583826700846e-05,0.0194112409474811,0.0824043154716491,1.23444863034163e-05,0.0022934356774051,0.0105889034814458,6.717174417442745e-05,0.0243536895579262,0.1271050614970071,0.0010288627818226,0.1846823939269621,0.4130832850933075,0.0102216319504802,0.2452280294064421,0.4647086099440096,0.0002064928557956,0.1264696921078419,0.4474536478519439,1358.5465763645734,252.65687516416554,1317.5441577280808,339.49996936235505,86.8430941981895,41.00241863649262,3.480867738,1.332046454
10579.0,618,0.0799999982118606,73.25941710135719,0.0,0.0206032459414483,0.6094692150751749,0.0,0.0049460857402755,0.1960220027974937,0.0,0.0196247176871178,0.0843003557788001,0.0,0.2937158831565524,4.6407084465026855,0.0,0.4539450517308928,5.016739090599391,0.0,0.2906472401900327,2.1685566902160645,919.0373229669309,403.0701761641768,969.421094987453,349.8873056980701,53.18287046610669,50.38377202052209,3.538991471,1.509548938
4028.0,475,0.0470588281750679,341.7350790567371,3.278299289591172e-05,0.0938706125253776,0.7676437497138977,3.1170228029575096e-05,0.0193939818875202,0.1065269532073873,1.2598055250504438e-06,0.1273097244355711,1.0833473801612854,0.0015209438279271,0.7729894034181356,3.07065224647522,0.0242342734198757,1.4239490045708136,4.578960663945944,0.0009569847024977,1.039793510999892,4.4600605964660645,1122.9193439335293,598.5531933599116,908.6134830890687,332.3655485196053,266.1876448403063,214.30586084446054,3.449002491,1.570672193
2806.0,125,0.0352941192686557,152.6286268292479,0.002935167402029,0.018778762123959,0.1802784885678972,0.0032186889363292,0.0057160343505276,0.0771164984497956,0.0013208901509642,0.0193888450594526,0.1406846046447754,0.0352220088243484,0.2743262993828994,1.3380906581878662,0.0386242672359509,0.364407177463119,1.4498820527894742,0.0158506818115711,0.2026202980965946,0.7962685823440552,1015.219657648342,246.50651236869166,873.078110551912,190.90724693455857,55.59926543413309,142.14154709643003,3.53366033,1.434473204
149.0,8,0.0235294140875339,3.8464649405435756,2.99699604511261e-05,0.001663495527627,0.0058258986100554,0.0003824183689888,0.0010515789983819,0.0022049801714123,0.0005162494050131,0.0067300815011648,0.014738097321242,0.0,0.0326240645455462,0.0471436828374862,0.0,0.0569361356033926,0.0830921120121381,0.0,0.0443214194050857,0.0696035251021385,1366.2004750723258,639.1455878100393,1363.4669804965597,641.8517474400478,2.7061596300085284,2.7334945757661444,3.579257466,1.346695195
1285.0,67,0.0352941192686557,83.67063248488714,3.0592603733941146e-07,0.0053360669052904,0.0285724775585549,0.0002335556047206,0.0031106577063633,0.0354189300610309,0.0002335554043598,0.0028886528129649,0.0225090300664305,1.040148526953999e-05,0.0235293967894132,0.0879675298929214,0.0079408905605008,0.1611871785812456,0.5598713300264982,0.0079408837482333,0.156826317366777,0.5559790134429932,1158.4547734184894,297.92351686495147,1167.7486549760945,214.77065458099727,83.15286228395419,9.293881557605118,3.417409896,1.346413692
156.0,13,0.0313725508749485,7.520836652246556,7.539452781202272e-06,0.0035611515006086,0.0360688169797261,0.0001878954703083,0.0059714739877178,0.0588643617301855,0.0002802733112783,0.0085128672438504,0.0790305882692337,6.031562224961817e-05,0.0314720601162055,0.1656511574983596,0.0299787558615207,0.0694696768724672,0.251422756873542,0.006807243451476,0.0559232925685743,0.1891377717256546,1241.0063096066278,281.44054457308147,1233.8992237096359,283.900689691271,2.46014511818953,7.1070858969919755,3.273037024,1.342907504
115.0,6,0.0235294140875339,3.1981886536464224,0.0015074095743543,0.0021335486218291,0.0072045648204428,0.0003776756882839,0.0009021127011136,0.0015480493242054,0.0003592180354254,0.0008304497860286,0.0015067972920157,0.0162651520222425,0.0133394211530685,0.0256259627640247,0.0497243106365203,0.0499842866444521,0.0760411491480126,0.0480819679796695,0.0476955749094486,0.0715930610895156,1356.3597807039605,644.8039215818752,1356.3597807039605,641.6057329282288,3.1981886536464117,0.0,3.579257466,1.346695195
225.0,14,0.0274509824812412,2.8222586888983323,2.8839285197832127e-06,0.0074810974441388,0.0655107622345288,0.0001104350123993,0.0028638823459046,0.0244925279100953,0.0002123190446154,0.0041113227872311,0.0167420717577139,9.805356967262924e-05,0.0836986331425858,0.2540717720985412,0.0467557951752939,0.1006072545671275,0.2935391882231145,0.0001320059382123,0.039122182234468,0.1470128893852234,1215.0684073683974,335.0717650974175,1217.0911933544644,337.03988119196913,1.9681160945516467,2.0227859860669923,3.293472779,1.353583035
9734.0,891,0.039215687662363,0.0,2.4592075285247785e-08,9.47342604231458e-06,3.758200036827475e-05,5.209980443898991e-09,5.836549345930246e-06,2.7691010060531204e-05,3.1939800299534744e-10,8.614925027595657e-06,2.9575916414614767e-05,1.879268165794201e-05,8.544207554693325e-05,0.0003576746967155,9.51415131567046e-06,0.0001107510213542,0.0003590138885367,2.29004149332468e-06,5.330772287405207e-05,0.0002100752753904,1287.9582930828828,692.6020924727409,1287.9582930828828,692.6020924727409,0.0,0.0,3.15183655,1.320875657
181.0,21,0.039215687662363,210.6551327328438,1.577233888383489e-06,0.0467851803428662,0.1553126474221547,9.576642480108232e-05,0.0466389892490115,0.1550144210890441,0.0001493622548878,0.0153673350089968,0.059770219027996,3.154467776766978e-05,1.6318292220514194,3.6982572078704834,0.0642565119209725,1.6394899971400676,3.698319073277073,0.0018351949984207,0.0605171416711527,0.1155729591846466,1230.0723313035633,489.8148360837369,1019.5932489695679,498.4253439974003,8.610507913663412,210.4790823339954,3.251141503,1.376458797
347.0,16,0.0313725508749485,8.069876000748616,0.0,0.0007430433529553,0.002216296037659,0.0,0.0010083481592764,0.0035891635316228,0.0,0.0080414016674585,0.021354729309678,0.0,0.0165482108481228,0.0308473240584135,0.0,0.047870313088941,0.0892770378593168,0.0,0.0433822306493918,0.0866951197385788,1382.601442526923,635.9473991563929,1377.6811522905439,642.3437764636857,6.396377307292823,4.92029023637906,3.498767113,1.552713304
580.0,69,0.0470588281750679,179.6345571518728,2.158515983157688e-05,0.026804543147672,0.1032649023192269,7.38484291106604e-05,0.017966530619445,0.0560989113290485,0.0001637386158108,0.1173922351565726,0.3813316651753017,0.0031372506637126,0.4727534038007862,2.491251468658448,0.0349740321341884,1.0495155258320827,2.747033669318441,0.0133181009441614,0.8192291041726575,2.6126482486724854,1244.2865030975472,397.8054371373493,1067.7027535030525,430.77138172108937,32.965944583740054,176.58374959449475,3.251141503,1.376458797
323.0,37,0.0352941192686557,205.23004076921816,0.0001095533370971,0.0154035574166581,0.0358637496829032,0.0002317625514293,0.0129074539701446,0.0368683512505851,0.000293786812108,0.0267184429630303,0.0652879327535629,0.0110880518332123,0.7970293652938886,1.559456467628479,0.0656205698256162,0.8087447925185209,1.574454966459696,0.0059395204298198,0.111630096915178,0.2625170350074768,1243.739804182394,475.30000836032036,1040.3678077453908,502.85360521014155,27.55359684982119,203.3719964370032,3.251141503,1.376458797
11585.0,763,0.0745098069310188,37.01928066286758,2.8089620172977448e-05,0.0067218274633775,0.0697179771959781,1.563909845787936e-05,0.0011946785575599,0.0117948800649165,1.7638139054771136e-07,0.003710722020483,0.0498466081917285,0.0045398017391562,0.0484653437079867,0.2957544028759002,0.0124953666924625,0.0621276497106387,0.3295250892327542,1.551157583890017e-05,0.0327132692942616,0.2299214452505111,1340.1558526500332,608.885916751915,1374.8028963978695,595.8471476255104,13.038769126404645,34.64704374783628,3.427642265,1.536871446
3383.0,383,0.0470588281750679,767.710065869529,1.1975454461727558e-06,0.0121125463996951,0.2036128863692283,1.1658262260310398e-05,0.0028948521792435,0.0430509127599039,1.2580837522234236e-05,0.0026418992803337,0.0430273860692977,2.3143007638282143e-05,0.0710325859826064,0.8188661932945251,0.0142698356405609,0.278730251927748,1.094399908215888,0.0011515673249959,0.2573474449503567,1.0353381633758545,1241.0063096066278,864.4949375840063,1301.1431902734837,99.14384114456365,765.3510964394426,60.13688066685586,3.422386516,1.499705845
4878.0,264,0.0313725508749485,269.735181354778,1.1907780871671788e-06,0.0104285919870207,0.0953170376665452,2.46426847518022e-06,0.0020227193423539,0.0217513402562618,1.043464769335354e-05,0.0014443264149562,0.0071024470962584,0.0005140943685546,0.1326644012845363,1.5638326406478882,0.0073286911261622,0.1570722255212628,1.592198945733647,1.6231229892582633e-05,0.0679063480640854,0.4709557294845581,985.4821979497965,591.4188864127692,1098.25251667303,346.3884326410894,245.0304537716798,112.77031872323346,3.383675691,1.419328928
7488.0,820,0.0470588281750679,318.1837159578572,1.1943167774006724e-05,0.0966839124274038,0.9806737899780272,1.9290058816827937e-05,0.0084066511690443,0.0632042828113609,1.9346773624420165e-05,0.0610802432298294,0.4041723310947418,0.0001812665141187,0.8045837978860639,3.512336492538452,0.0314385429271718,1.017806562378102,3.725468654572897,0.031437125056982,0.4587478470051518,1.6247527599334717,1303.8766848492498,378.6163052154708,1023.9668402907938,529.9152015102267,151.29889629475588,279.90984455845603,3.488526593,1.342171443
11402.0,718,0.039215687662363,147.6830499684352,0.001183433830738,0.0033501073205069,0.0259284367784857,0.0012977293509734,0.0008935748815612,0.0162934998339075,0.0005325277801603,0.0033909557648096,0.0358342909150653,0.0236686766147613,0.0515862748821712,0.3002981841564178,0.025954587019468,0.0654461300625467,0.3152918299226173,0.0106505556032061,0.0324714573387234,0.1698330640792846,1049.1149903878425,553.0405086734048,902.0530961072299,566.5713068234473,13.530798150042529,147.0618942806126,3.196322493,1.320055056
158.0,8,0.0235294140875339,4.969926148721722,6.435893695144092e-05,0.0032842419409871,0.0151323500488485,0.0003369352744272,0.0014791658134086,0.0043012005424539,0.0009335495860261,0.0036452005019824,0.0083921309560537,0.0008677886798977,0.0229779749310442,0.0683401301503181,0.0116336293382959,0.0512957691559468,0.0730413310226167,0.0049950731918215,0.0362003277987241,0.0729675441980362,1265.1323605235548,605.1956990746307,1268.1665395026553,609.131931263734,3.9362321891032934,3.0341789791004885,3.293472779,1.353583035
11719.0,1073,0.039215687662363,0.0,5.668963157487185e-09,9.12139831174865e-06,4.160421535330401e-05,1.5060463889941275e-09,5.755678632408347e-06,3.377411737824772e-05,5.6884759529070415e-11,8.556243956798314e-06,2.576756841418418e-05,1.0885277333727572e-05,8.217034871225889e-05,0.0003769462055061,1.0820804163813593e-05,0.0001082842647564,0.0003771349612994,5.410845005826559e-06,5.356935814977227e-05,0.0002624246408231,1231.066867746713,710.3133149939885,1231.066867746713,710.3133149939885,0.0,0.0,3.524146076,1.570849628
271.0,29,0.0352941192686557,197.62522831628408,4.825989405314128e-05,0.0125187017495296,0.0601390727928706,0.0003219127135234,0.0248737975040051,0.0716359444572938,0.0004115899403889,0.0286616322446124,0.0728622078895568,0.0191528778523206,0.103584538879139,0.2183354198932647,0.0258128712189303,1.1039494551890443,2.807660276302566,0.0173052474856376,1.0938838910577553,2.806697368621826,1061.689065436367,541.4778266179139,1056.2220762848347,343.9282305750962,197.5495960428177,5.466989151532289,3.251141503,1.376458797
99.0,8,0.0274509824812412,3.826892406072642,0.0006243230568038,0.0019544211491523,0.0044537521898746,0.0005935353690193,0.0016380508951923,0.0036380004396474,0.0001516367363579,0.002189461267878,0.0069862750048438,0.0353495106101036,0.0541002723787512,0.088394396007061,0.0387635507885589,0.0574471751748664,0.0969715578229178,0.0017802520887926,0.0152476923706542,0.0398737229406833,1360.7333720251863,638.8995732982203,1356.9064796191137,638.8995732982203,0.0,3.826892406072602,3.579257466,1.346695195
12202.0,1353,0.0745098069310188,325.89787207291045,2.597195217698222e-07,0.0459406842599644,0.5925540030002594,8.879907013438338e-07,0.0055684174506163,0.0726752102226254,5.322275683283806e-06,0.0345533565836774,0.536855161190033,0.0019559513311833,0.3426844459054269,2.386359691619873,0.0071825559839116,0.4610447815693484,3.171336814427381,1.4843243661744054e-05,0.2885402606018091,2.221575260162353,1196.1769985640626,849.9800813866879,1453.6723014968436,650.2162408418923,199.76384054479558,257.495302932781,3.381407018,1.470648232
2696.0,24,0.0352941192686557,1.806796492436311,0.029055950542291,0.0017890469144756,0.029055950542291,0.000420954786241,0.0020729091416963,0.028008522206832,0.000420954786241,0.0024817329240373,0.0087002444391449,0.087167851626873,0.0112157334331878,0.087167851626873,0.0105238696560263,0.0254921088797136,0.0945494362765226,0.0105238696560263,0.0201965724814015,0.0665009096264839,1384.7882381875359,632.9952250145653,1385.334937102689,634.7173265972981,1.722101582732762,0.5466989151532289,3.498767113,1.552713304
1610.0,186,0.0470588281750679,161.4709963663508,0.000240996479988,0.0280552081441604,0.0959808315549578,1.6683721433694704e-05,0.0039152024755886,0.0169657565968989,0.0001353546977043,0.040005372015665,0.1411513909697532,0.0054622683674097,0.3151938453115321,1.6833629608154297,0.0470896046837443,0.4367531739188062,1.7178118984448,0.0131306834518909,0.2551437088615588,0.6601399779319763,1532.9436441940625,237.15797515652224,1406.6561947936652,337.77786777962234,100.6198926231001,126.28744940039724,3.555235166,1.344469675
968.0,62,0.0313725508749485,84.22397786170235,8.43311136122793e-06,0.0043365676987243,0.0484640188515186,0.0001137106728139,0.0034357446819577,0.0282804887371602,1.662307315402561e-05,0.0032892224330427,0.02567777463368,0.0315125696361064,0.0215232379691098,0.1138794869184494,0.0065481321356846,0.1785620952214431,0.4731542043534212,0.0065467418171465,0.1749783065704415,0.4725248217582702,1133.3066233214406,419.45471417741743,1137.1335157275134,335.31772266143275,84.13699151598468,3.8268924060728295,3.417409896,1.346413692
261.0,11,0.0313725508749485,3.613592984872622,0.0,0.0032610572159274,0.0081720422539446,0.0,0.0016319903788869,0.0075507076162798,0.0,0.0053203404035624,0.0132477171719074,0.0,0.0185058112576371,0.0696803405880928,0.0,0.0395011075640794,0.0909586933849489,0.0,0.0329227484762668,0.0584648102521896,1408.8429904542782,800.5311645110778,1409.9363882845846,803.9753676765431,3.4442031654652965,1.0933978303064578,3.543674442,1.342505129
191.0,21,0.0431372560560703,213.76833601390453,0.0010522246360778,0.0570347251158045,0.1227766772111256,0.000674674585472,0.050810762902833,0.119967191978071,5.19920864202764e-08,0.0175052212932689,0.0466626435518264,0.0135428663343191,1.7644101961515843,4.033714771270752,0.0494018420912197,1.7834256480709558,4.037183597043942,1.819723024709674e-06,0.1109348820481784,0.2915298342704773,1231.712428049023,401.2496403028147,1017.9531522241082,399.2815242082631,1.9681160945516467,213.75927582491477,3.251141503,1.376458797
10708.0,600,0.1098039299249649,281.27959671873185,6.360001434051596e-06,0.0074977937617427,0.1142690032720565,1.4585897073420417e-05,0.0020355732294294,0.0311832692999198,1.9069980172549977e-05,0.0065164982495255,0.1542372032999992,0.0001081200243788,0.0924060089881282,1.0396581888198853,0.0017995206872001,0.1506155515917407,1.5982265485364573,0.000153157787281,0.1043783895582112,1.2989624738693235,1243.905983739641,733.2444971614364,1488.4125978888544,594.1951276283814,139.04936953305491,244.50661414921342,3.51178743,1.557187392
122.0,9,0.0235294140875339,2.206609160678028,1.0576734894129914e-06,0.0069058430359433,0.0295927959183851,1.3220918481238187e-06,0.0043750808772618,0.0153656368135541,7.932550943223759e-07,0.0029687190744227,0.0097081537048021,2.1153469788259827e-05,0.0491893580026499,0.1075858995318412,2.644183696247637e-05,0.0637671349645938,0.1076140306165949,0.0219433531165123,0.0321542868650794,0.0799417719244957,1364.5603783268662,631.5191379436517,1362.9201676857992,630.0430508727379,1.4760870709137635,1.6402106410669148,3.579257466,1.346695195
3292.0,117,0.0509803965687751,20.460289182361493,1.5613614403478365e-06,0.0026625274462504,0.0328431949019432,5.331062215224153e-06,0.001658901225657,0.0169747156236245,0.0001081497244098,0.0042712191162664,0.0542596392333507,0.002579326275736,0.042059822105706,0.2762942016124725,0.0139243151788353,0.0802010951678087,0.5395621906909389,0.0011752258287742,0.0639198630509279,0.4634532034397125,1227.4923452898095,940.5794976731005,1211.644694372731,927.6382692215093,12.9412284515912,15.847650917078454,3.445206488,1.533568286
91.0,6,0.0235294140875339,4.045571972133936,8.039897483495923e-07,0.0015441028859138,0.0036023857931414,0.0004526314195064,0.0018034579216676,0.0032083922250503,0.0012282952666282,0.0036511605432001,0.0061246660702368,2.09037334570894e-05,0.0557486206747853,0.1249241232872009,0.0319356837736808,0.0804093649935539,0.1407819063852608,0.0099227484315633,0.0396987088024616,0.072183646261692,1252.995644607153,522.0427940798237,1248.950072635019,522.0427940798237,0.0,4.045571972133985,3.293472779,1.353583035
73.0,4,0.0313725508749485,1.199004326689846,0.0088263107463717,0.0058957440778613,0.0088609214872121,0.0020084617738171,0.0046282342091482,0.0118762408536277,0.0039950888603925,0.0039804137001434,0.0079461522400379,0.0351668000221252,0.035259095331033,0.0706104859709739,0.0869760797337536,0.0606620021875918,0.095009926829022,0.0635692179203033,0.0477062637607256,0.0795495733618736,1418.6835709270365,604.4575416435665,1417.59017309673,603.9655126199286,0.49202902363788326,1.0933978303064578,3.579257466,1.346695195
108.0,7,0.0235294140875339,8.545931010084683,0.0023299199528992,0.0053776623839771,0.0118538588285446,0.0002378457925454,0.0039119870974776,0.0116733532313471,0.0031055882573127,0.0065607194289613,0.0171953948835531,0.0304437354207038,0.0929466926803191,0.2148916572332382,0.0568462849918463,0.1121593271717121,0.2217511615874262,0.0377422869205474,0.0480992334584395,0.0798330307006836,1240.858928690751,634.9634550047243,1233.273481243,638.8996871938276,3.9362321891032934,7.585447447750994,3.293472779,1.353583035
175.0,10,0.039215687662363,6.734711551675364,0.0003097429871559,0.0016444204682176,0.0056658093543613,3.5736648022811326e-05,0.0015681828992968,0.0036415292157067,3.697676584124565e-05,0.001138465802695,0.0036415292157067,0.0327468663454055,0.05093772833546,0.0963187590241432,0.0411718102897675,0.0665022489516594,0.1133077079602773,0.011817367747426,0.0359409999930196,0.0655475258827209,1250.131846599922,937.0000089524476,1245.0379588051467,932.5944843731825,4.405524579265148,5.093887794775355,3.445206488,1.533568286
154.0,10,0.0352941192686557,4.9536623707798135,1.3901315148413072e-06,0.0030924351083051,0.0120912441487032,0.00041122930848,0.0025860539059578,0.0109098454157153,0.0009062992916865,0.0090992398201893,0.0181534830480813,0.0,0.0424997083397708,0.1087975651025772,0.0,0.0739827527705655,0.1342986749013556,0.0,0.0561619040866692,0.0859409868717193,1614.9484814670477,685.1503015201839,1613.308384721588,689.8245772447441,4.674275724560175,1.6400967454596866,3.434912524,1.523800802
8891.0,556,0.039215687662363,189.7377102374174,0.0098581661780675,0.0077708324061231,0.1311413496732711,0.0036110103958182,0.001261816308074,0.0205392445974824,0.002106362953782,0.0018856919702009,0.0193748781457543,0.1182979941368103,0.0580622867102897,0.530876874923706,0.0324990935623645,0.0759406737170867,0.6803176826433324,0.0324990935623645,0.0432207529032541,0.4406752586364746,1094.4910003455611,704.0934189302435,1051.3017860484556,519.3365775020116,184.75684142823195,43.189214297105536,3.447881917,1.425943754
455.0,51,0.0352941192686557,180.86363459160583,4.589557647705078e-05,0.0131985709829041,0.0746542364358902,8.060481267114251e-05,0.0103917478121188,0.0462472745390014,0.0002015843056142,0.0124753150431739,0.0569440610706806,0.0022019608877599,0.5023586153611541,2.0527608394622803,0.0205928615942655,0.509561973659999,2.0636106707042488,0.0001587176084285,0.0644164433606783,0.2326384782791137,1198.9104931398288,523.7648387147527,1018.4998511392614,536.5575933293385,12.79275461458576,180.41064200056735,3.449002491,1.570672193
147.0,8,0.039215687662363,2.042635715310721,1.3815651982440611e-06,0.0007453163519681,0.0051841814074578,1.2007189669557706e-06,0.0011626209884908,0.003121557655285,1.4893085838258756e-07,0.0009238830784626,0.0028217752628466,3.315756475785747e-05,0.0029957104904627,0.0206560753285884,0.0048704107219102,0.013409703097819,0.0479701794683933,0.0048702978529036,0.0119897156641205,0.0479701794683933,1269.9813521097494,313.4224311095457,1269.4346531945962,315.39054720409735,1.9681160945516467,0.5466989151532289,3.480867738,1.332046454
367.0,21,0.0274509824812412,35.214847936008525,0.0002896792721003,0.005187745328509,0.0216841821869214,0.0001199705160214,0.0046083290610284,0.0140730318349519,0.0003629275411367,0.0203473439393762,0.06812234967947,0.0989796295762062,0.0812278678604343,0.2078651934862136,0.1001377092360357,0.2215362599427312,0.6112827344144213,0.0088583137840032,0.1815856309607625,0.598918080329895,1212.5399248858137,300.1377044191258,1206.4715669276127,334.82575058559854,34.68804616647276,6.068357958200977,3.293472779,1.353583035
2252.0,269,0.098039224743843,233.10644370185656,4.634343915515476e-05,0.0773864135698615,0.5718429599489484,4.537895259246591e-06,0.0084760673468359,0.0506770736726895,8.499529212713242e-05,0.0569693715195755,0.441728012902396,0.0016294168308377,0.5305155732099023,2.0059735774993896,0.0201165744465613,0.6952347152213099,2.5327852865276705,0.0012975874124094,0.3801501414511846,1.557974100112915,1283.6488249885801,355.49091263058716,1466.2463765453679,500.39346009195197,144.9025474613648,182.59755155678772,3.555235166,1.344469675
107.0,10,0.0274509824812412,6.429293136800526,1.3816687795850969e-06,0.0011875541757427,0.0040798773989081,0.0012349396467618,0.0029689919945808,0.006172163553735,0.0024962202645838,0.0164331189822405,0.0304106930270791,0.0023368233814835,0.0510844678307573,0.0741292461752891,0.0179683248894982,0.0932072028424799,0.1664670472765703,0.0178157221525907,0.077166605533825,0.149050772190094,1362.9201676857992,637.4234862273065,1359.0932752797266,642.5897909755047,5.166304748198172,3.826892406072602,3.579257466,1.346695195
9306.0,168,0.0509803965687751,82.94993590357232,3.2015431155313683e-06,0.0019771311707594,0.0304548953260694,1.1991957093456373e-05,0.0009940766774128,0.0089255893244146,1.1997845243005193e-05,0.0011583109120784,0.0118209572974592,3.0648003303213045e-05,0.0112489961624752,0.1183671206235885,0.0314908692525858,0.0350010415488732,0.3642870081264525,0.0314907543361187,0.0318677450919211,0.3449429273605346,1310.983770746242,598.7992078717306,1333.9451251826779,519.0905629901926,79.70864488153802,22.96135443643584,3.481724788,1.422377023
153.0,17,0.039215687662363,8.414369438063867,7.791444431859418e-07,0.0015914826428877,0.0097752773326647,1.5365502168745646e-05,0.0025140589840697,0.0127081593741538,0.0012594519066624,0.014285788254491,0.0261278804391622,1.2466311090975069e-05,0.0449683554874127,0.0786102712154388,0.0359117549962882,0.0843272825134131,0.137577029989519,0.0051281158812344,0.0645984907459933,0.114253744482994,1350.3460926372748,663.0089954564779,1344.8791034857425,669.4053727637707,6.396377307292823,5.466989151532289,3.579257466,1.346695195
74.0,5,0.0313725508749485,1.1247258983678223,0.002190913259983,0.0042338770367981,0.0072909130249172,0.0018865071083535,0.0034543040138852,0.0074656973743087,0.0007756575942039,0.0030832083652699,0.0059622786939144,0.0017607181798666,0.0375421784701757,0.0766819640994072,0.0150216382752496,0.0508188787525014,0.0813457950963935,0.0149180926382541,0.0294137583114206,0.0506917648017406,1124.0430379953839,479.23626902332546,1125.0544309884172,479.72829804696335,0.49202902363788326,1.0113929930332688,3.293472779,1.353583035
1083.0,24,0.0352941192686557,8.382340339865097,0.002248743083328,0.0020480873744725,0.0104805189184844,5.789792477867029e-05,0.0017501628551152,0.0066517249249205,5.789792477867029e-05,0.0142394494141056,0.0387520641088485,0.0122732818126678,0.0286587116753925,0.0970509424805641,0.0484269290593016,0.0710466017869455,0.1684150422938312,0.0324131920933723,0.0620935283925222,0.1587948650121688,1377.6811522905439,635.4553701327549,1377.1344533753906,643.8198635345994,8.364493401844584,0.5466989151532289,3.498767113,1.552713304
9629.0,849,0.0352941192686557,855.0728473020903,0.0001914092960457,0.0142045793771615,0.9747769151415144,3.882563538680032e-07,0.002592234364687,0.3439505893980499,1.2665987014770508e-06,0.0019752384712824,0.3437139317393303,0.0017944718711078,0.0685314791581299,3.426490306854248,0.0114654544740915,0.1507893812967701,3.537798804581867,0.0114654544740915,0.1082602818221274,1.1150568723678589,798.1803591759189,1007.4293120030158,1107.0650753940854,210.09637885643713,797.3329331465786,308.88471621816655,3.404449435,1.511890969
11908.0,593,0.0941176563501358,200.02536098298978,3.154214937239885e-05,0.003445345291927,0.0346561791375279,2.636738428002644e-07,0.0011368740706905,0.0089340205046399,1.9548679975902333e-05,0.0047538121736984,0.0371811296790838,0.0004785668279509,0.0463985787087055,0.2857162058353424,0.0103786602778315,0.0811309119943768,0.3235122418569672,0.0022158899810165,0.0573209125448409,0.3039880692958832,1590.2903537843601,431.1907181955724,1616.8917678237422,629.4393242625023,198.24860606692988,26.601414039382007,3.429127371,1.360261497
255.0,17,0.0235294140875339,11.782471456866269,0.0,0.0021134469098427,0.0114408414810895,0.0,0.0017693690415221,0.0101743567430833,0.0,0.0183563786510858,0.0398913286626338,0.0,0.0206716496686567,0.0889109522104263,0.0,0.0853040052839038,0.1831384213755011,0.0,0.081670852843672,0.1601078510284423,1525.8365582970705,815.2920352202151,1522.5563648061511,826.6087027638871,11.316667543671997,3.2801934909193733,3.543674442,1.342505129
2090.0,249,0.0470588281750679,418.0200595102257,5.701184272766113e-05,0.089992448428049,0.5422536134719849,2.365689345408385e-05,0.0114107653768698,0.0567427892913833,3.760308027267456e-05,0.0836809728913285,0.6496870177132743,0.0015906922053545,0.8861044475878214,2.775031328201294,0.067260591815634,1.1619984530347225,2.81673889237876,0.002145234728232,0.5873182148882939,2.325509786605835,1154.0811820972635,344.6662741105531,763.7383275212651,494.2430972964781,149.57682318592498,390.34285457599844,3.462607335,1.476871279
878.0,99,0.0352941192686557,182.98464329860374,0.000105896550748,0.0491065325291222,0.2169253315244402,5.0148768566002366e-05,0.0034108800089444,0.019632862143885,0.0002497304230928,0.0374229306901695,0.1481940490858895,0.0003281050594523,0.2066565322967683,0.7895979285240173,0.048883029807483,0.2762134229231929,0.9434666574999172,0.0131424507126212,0.1709804084456088,0.5255309343338013,1374.9476577147777,251.1807880932518,1525.2898593819173,355.49091263058716,104.31012453733535,150.34220166713953,3.483075497,1.39277468
9383.0,244,0.1529411822557449,103.37370712243641,2.773002162222948e-06,0.0018917232230354,0.0375523304238038,0.0001076148857895,0.0013457324714835,0.0094882903854339,8.739322862204383e-05,0.0017687900288853,0.023118777310147,0.0087225791066885,0.0249681447153943,0.3376946747303009,0.0263836238982174,0.0513208813321983,0.3382430814259081,0.020486170426011,0.0374510246835042,0.2000115811824798,1470.8669843735174,718.3758517064166,1503.6942612731802,620.352929817768,98.02292188864863,32.82727689966282,3.293651599,1.390643874
131.0,10,0.0313725508749485,4.549441667964143,2.2417895563289915e-06,0.0020671723787092,0.009285283371355,0.0001300346828133,0.0030928239243222,0.0093424091269611,0.0009949215280357,0.0059337748733702,0.012540122701062,4.259400157025084e-05,0.0447857495592971,0.0960852354764938,0.0146470297934099,0.0614131064822669,0.1148077705459242,0.0004806308133993,0.0347063055475397,0.0650783106684684,1350.892791552428,668.421314716495,1347.0658991463554,670.8814598346845,2.46014511818953,3.826892406072602,3.579257466,1.346695195
107.0,5,0.0235294140875339,2.2514439315586148,0.0,0.0003919016310221,0.0009439276666605,2.022152889059523e-05,0.0032443740563696,0.0105230721334616,0.000288067497313,0.0035138497450812,0.0105230721334616,0.0,0.0077874032499494,0.0311267264187335,0.0315692164003849,0.025207967716706,0.0349649824599145,0.0315692164003849,0.0202343915589153,0.0349649749696254,1355.8130817888073,640.621674880953,1354.7196839585008,642.5897909755047,1.9681160945516467,1.0933978303064578,3.579257466,1.346695195
711.0,43,0.0274509824812412,112.17716225666943,0.0005836592001073,0.0143131265226958,0.0644039064645767,0.0001694914798368,0.0047209426263336,0.0283510985506844,9.494158439338209e-05,0.0083207960321112,0.0296070678159594,0.004923743661493,0.2690227635736976,1.0019720792770386,0.0356470913832631,0.3950032428159761,1.1550121419132555,0.0229317843914031,0.2510497503958288,0.7068051695823669,1007.7328437965331,225.10327831434435,937.9467272772227,137.27609759497722,87.82718071936713,69.78611651931033,3.293472779,1.353583035
8636.0,669,0.098039224743843,71.11223833976975,2.786395656805712e-06,0.0094661096118378,0.1313549578189849,0.0001602395346515,0.0023620809940141,0.045781738228268,0.0003996813444025,0.0104795461038439,0.2421348243951797,7.815885328454897e-05,0.0644345979702927,0.4085175991058349,0.0131898048817602,0.1102273233311074,1.075022674360644,0.0131894843652844,0.0777197180059211,1.0055233240127563,1147.7315019889734,588.9587412945797,1214.8934637155483,612.3301199173804,23.371378622800762,67.16196172657487,3.304316469,1.324808277
8866.0,268,0.0470588281750679,250.34680547782446,0.0033233866095542,0.0018092639408253,0.0167521676048636,0.0001968363248972,0.0018346544925448,0.0131826560766507,0.0001938927823152,0.0018354638538099,0.0132445327399182,0.0998568087816238,0.0232674553511627,0.2873804569244385,0.0455053262412548,0.0694688345947131,0.4538530288470581,0.018180901184678,0.0606896647340791,0.3512763082981109,976.8853575090119,519.6992780635335,989.014784106545,269.64648359131274,250.05279447222074,12.129426597533097,3.46859541,1.321627984
10894.0,1015,0.062745101749897,309.5547908011769,0.0,0.0258726100535427,0.2741211950778961,0.0159613043069839,0.0023746422512956,0.0293742632149081,0.0159613043069839,0.0221348290188868,0.287469282746315,0.0,0.1799811737269593,1.180422306060791,0.0478839129209518,0.2558636676148276,1.6450347013173483,0.0478839129209518,0.165189449750062,1.1540045738220217,1315.3573620674679,510.2340405647102,1615.495180382201,586.0064532571448,75.77241269243461,300.13781831473307,3.434373011,1.400172068
1204.0,20,0.0274509824812412,4.549441667964143,5.809054831236912e-07,0.0002211230743986,0.0020752108710653,0.0003466043741472,0.0009064933634685,0.0046048866850989,2.0770436094608162e-07,0.0007730334169849,0.0046048866850989,0.0,0.0031016441430198,0.0352785848081111,0.0003098528154912,0.0113277910952901,0.0453884246100911,0.0003063753538299,0.0089201057170085,0.0453883856534957,1447.6586134301579,684.1662434729081,1443.8317210240853,686.6263885910977,2.46014511818953,3.826892406072602,3.124386587,1.328262148
148.0,9,0.0274509824812412,3.2307315668426435,0.0002417598357971,0.0013273619456638,0.0031123810137311,0.0002581044071765,0.0013672198846065,0.0047987733082554,0.0004236084222793,0.0013285947821445,0.004059350118041,0.0062434207648038,0.020316157490015,0.0472343191504478,0.01484931361108,0.0290584860013779,0.0517969031883417,0.0072292708791792,0.0176575577352195,0.0403920151293277,1444.9251188543917,582.5622500916795,1442.1916242786256,580.8401485089468,1.722101582732762,2.7334945757661444,3.579257466,1.346695195
328.0,36,0.0352941192686557,197.95752758624755,0.0002089962363243,0.0316200524190394,0.1621258482336998,0.0002149287776734,0.024365563120798,0.0753143416106023,0.0003810436464846,0.0300210431249349,0.1111977355820792,0.0012897172709926,0.853768479381688,3.242622137069702,0.0688070026595436,0.8814224308181442,3.2562914381610666,0.0003599976189434,0.1338388822107975,0.3927306532859802,1255.7671803157652,414.78043845285725,1059.502269775754,440.6119621938476,25.83152374099035,196.26491054001121,3.251141503,1.376458797
144.0,7,0.0313725508749485,3.0023677102421122,6.701133455722951e-06,0.0002546273974383,0.0011130832272636,0.0001469298041017,0.001252221385181,0.0028617657721042,0.0006577467874569,0.0065956628744435,0.0205359384417533,0.0002459955867379,0.0054948065080679,0.0191684104502201,0.0274556107448141,0.0556022483865967,0.0784628170495914,0.0243505910038948,0.0545458551496267,0.0784616917371749,1281.4620293279672,295.7093862585809,1280.915330412814,298.66156040040835,2.95217414182747,0.5466989151532289,3.480867738,1.332046454
3509.0,174,0.0862745121121406,114.42502620490471,7.544946856796741e-05,0.0156496364708335,0.169195623958812,3.0278110082236225e-05,0.008744686768098,0.124822315945272,4.3298895470798015e-05,0.0268398461293099,0.2096811607480049,0.0047754715196788,0.221273378851269,1.5309194326400757,0.0268141490415338,0.4828399008971067,4.496357412059999,0.0116348210722208,0.3894637107682236,4.427196979522705,1180.5153800713265,955.1727978419161,1228.0583328225623,851.092279656778,104.08051818513809,47.542952751235816,3.445206488,1.533568286
2070.0,20,0.0352941192686557,6.489157223597665,0.0005848206689252,0.0004459821278522,0.0029970028969858,4.852721343743073e-05,0.0005886149509678,0.0035983965161014,0.0002249537995367,0.0006056730503993,0.0036619957536458,0.0093671362847089,0.0062152893949946,0.0315955206751823,0.0167077509942949,0.0145794955210566,0.0683695338059271,0.0138349449262022,0.0119852003592409,0.0683695301413536,1402.8293023875926,640.8676893927719,1403.922700217899,634.4713120854791,6.396377307292823,1.0933978303064578,3.498767113,1.552713304
324.0,21,0.0235294140875339,33.968091807290854,0.0006838574567261,0.0073823218593126,0.0334224200674465,0.0004021261362549,0.004489202402688,0.0134003177922062,9.822100400924684e-05,0.0165003068619916,0.0407204294905943,0.0010466949315741,0.1613170612661633,0.4837851524353027,0.0978726372122764,0.2842689052018088,0.5795886328804678,0.0812538042664527,0.2083304215222597,0.3730688095092773,1033.0176686223701,276.766325796325,1003.1815753278825,293.0032835763761,16.236957780051057,29.836093294487682,3.293472779,1.353583035
250.0,16,0.0235294140875339,35.23928559222048,0.0007555370821672,0.0151967446120758,0.0684620266159375,0.0002716740592393,0.0057647308817008,0.0189165259508934,0.0031513872628028,0.017016185626159,0.0280958142350701,0.1261805593967437,0.2667003115018209,0.6586804986000061,0.1480797980983527,0.3060697274975354,0.7023885956593077,0.0129241310060024,0.1393860372404257,0.2439051866531372,1146.2936838421203,316.1286476873579,1119.4917695267332,339.0079972865208,22.87934959916288,26.801914315387194,3.293472779,1.353583035
124.0,6,0.0431372560560703,5.723210066665312,0.0014697131700813,0.0024931586832747,0.0058157505357966,0.0027992231267265,0.0031980815138153,0.0064700984433889,0.0015057616812341,0.0019269993438721,0.0028353517546373,0.0464633852243423,0.0629313617944717,0.0993468686938285,0.0516695576533911,0.0801281425502979,0.14252235387947,0.0226030312478542,0.0478757925331592,0.1021901220083236,1231.4542580190791,931.2177579421622,1227.4923452898095,927.0875786491011,4.130179293061019,3.9619127292696703,3.445206488,1.533568286
1712.0,200,0.0431372560560703,127.73917946918121,4.5763401431031525e-05,0.0850517405785462,0.5123285055160522,0.0001171867954532,0.0112544355459193,0.0738950307591032,3.654426998562283e-05,0.039626292220353,0.2813275357087453,0.0003661072114482,0.6288156436233262,2.071331739425659,0.0356181053234366,0.6955240982907932,2.227313929871169,0.0006378798861987,0.2256941982561338,0.9756428599357604,1376.5877544602374,195.08949363548084,1418.1368720118833,315.8825762277352,120.7930825922544,41.54911755164585,3.483075497,1.39277468
1060.0,121,0.0313725508749485,96.38229936500532,7.268620861901177e-05,0.0432912821989867,0.4059303147452218,1.2015921980523814e-05,0.0054427439784783,0.0230735245638132,0.000313533263074,0.017474825286997,0.0693343430757522,0.0027459552511572,0.3831069346827765,1.427886962890625,0.0108719720906157,0.4599731697147967,1.5517726931165776,2.955815216409973e-05,0.2193067567283227,0.7351062893867493,1200.5505898852884,365.08550706542826,1153.5344831821103,280.9485155494435,84.13699151598473,47.01610670317814,3.53366033,1.434473204
174.0,20,0.0509803965687751,643.6559742855427,0.0024012444274766,0.1612317909896622,0.7281712690989176,0.0024012444274766,0.1553986173754888,0.6384749197213998,2.803777351800818e-05,0.018559007127556,0.0410843789577484,0.067234843969345,5.285083412339813,12.005101203918455,0.067234843969345,5.412654448912555,12.150688798540823,0.000224302188144,0.95753152789257,2.186305046081543,1916.1794698208726,818.7362383856805,1286.3823195643463,685.8883450556408,132.8478933300397,629.7971502565263,3.565595683,1.381235315
2534.0,264,0.0705882385373115,343.416404912095,9.08970832824707e-07,0.0025238085023029,0.0238261073827743,6.024287392028885e-06,0.0026036987661611,0.021545407420186,0.0002983843442052,0.0280587972345941,0.1235461868345737,0.003806977532804,0.1255933939120653,0.3819319009780884,0.0103807693461462,0.1790052626784066,0.576818225595285,0.0096574993804097,0.1197579744388792,0.4964815378189087,1316.4507598977743,560.9129730516114,1072.6230437394318,802.7452951174483,241.83232206583693,243.82771615834258,3.484431011,1.328473837
11414.0,434,0.0941176563501358,208.8361038150313,1.8514073200555026e-05,0.0083383536185947,0.0929607301950454,2.0606888209576627e-05,0.0019671368799154,0.0191233900487791,9.048366438561071e-06,0.0073742408356282,0.0803607553243637,0.0325358100235462,0.114041362028353,0.8842869400978088,0.0855271992530856,0.1623754207915717,1.0948377327976064,0.0790969207882881,0.091870710938868,0.6517400741577148,1353.1415775609332,542.7055591082204,1465.2071090459892,718.9265422788247,176.2209831706043,112.065531485056,3.172321074,1.329546479
126.0,3,0.0274509824812412,0.599502163344923,6.658161289647757e-08,7.813148452137675e-08,8.968135614627592e-08,0.000101720082323,0.000119365402726,0.0001370107231289,0.0001017200605322,0.0001193653771552,0.0001370106937781,0.0,2.19719322558376e-06,4.39438645116752e-06,0.0,0.00335676271666,0.00671352543332,0.0,0.0033567619975656,0.0067135239951312,1450.392108005924,584.0383371625932,1449.8454090907708,583.7923226507743,0.24601451181888478,0.5466989151532289,3.579257466,1.346695195
164.0,20,0.039215687662363,204.88426994565748,0.0002791518345475,0.0371732792277869,0.1548146406809488,0.0004094744880186,0.0372890540801369,0.1536636150418651,2.1107192878844216e-05,0.0480787567408399,0.225832849740982,0.0353413335978984,1.5399729342837083,3.5548903942108154,0.0353417369882662,1.5507774137102115,3.5759415583472167,0.0001688575430307,0.1759189210639114,0.38787642121315,1219.1383530004985,472.3478342184929,1015.7663565634953,497.19527143830555,24.84743721981266,203.3719964370032,3.251141503,1.376458797
239.0,12,0.0470588281750679,4.085271430621442,0.0,0.0019534137543888,0.0089349709451198,0.0,0.0018583821981104,0.0065053478500576,0.0,0.0019478602419887,0.006505406461656,0.0,0.0154171517298726,0.0488082319498062,0.0,0.0484128886161419,0.0995254442095756,0.0,0.0421777872384568,0.0995254442095756,1271.621448855209,329.4133743777778,1270.5280510249027,325.4771421886745,3.9362321891032934,1.0933978303064578,3.480867738,1.332046454
605.0,63,0.0352941192686557,241.4598159075875,2.1714717149734497e-05,0.0386597983809929,0.1680979813848223,0.0003996897482778,0.0097140324092435,0.0629103405151458,7.177082200845082e-05,0.0129131368438365,0.0438813585788011,0.0006737585645169,0.3768351768226092,1.7901411056518557,0.0177072696387767,0.6949568036316038,2.4227768467226545,0.0301416534930467,0.5563231620997671,1.767627477645874,1227.8855356429503,598.0611643362737,1176.4958376185461,362.1333329236008,235.9278314126729,51.3896980244042,3.449002491,1.570672193
6812.0,92,0.0431372560560703,16.5782558688458,0.0049348669616799,0.0006114322112637,0.0121632777154445,0.0131740370898437,0.0011285255687977,0.0131740370898437,0.0122148410270088,0.0016529654143715,0.0129849379882216,0.0937624722719192,0.0073554374150192,0.0973062217235565,0.2503067047070316,0.0204837258925958,0.2503067047070316,0.2320819795131683,0.016820548861063,0.2320819795131683,1536.770536600135,820.7043544802322,1532.3969452789092,804.713411212,15.990943268232172,4.373591321225831,3.497232949,1.349708132
231.0,16,0.0274509824812412,1.1257219657793074,0.0010757119291358,0.0033556210910066,0.0143436640501022,0.0001319232819736,0.0014885369046958,0.0031715883195323,8.30485795934995e-05,0.0019080967249562,0.0051819001220994,0.0055387401953339,0.0292156931323309,0.076332539319992,0.0062943812475163,0.0420961714222352,0.0797892135452819,0.002990249544382,0.0247626063103477,0.0610841959714889,1385.8816360178423,632.5031959909275,1385.334937102689,631.5191379436517,0.9840580472757665,0.5466989151532289,3.498767113,1.552713304
243.0,14,0.0274509824812412,14.109605548127684,4.860870022740629e-06,0.001070753965416,0.0034616813063621,4.099758303906079e-05,0.0013029475290685,0.0068040159820009,6.681022544701894e-05,0.0074640142858845,0.0226755142211914,0.0117775900289416,0.0540417189656112,0.1280782520771026,0.0321043659895755,0.1070981507499909,0.2017753571271896,0.0110322032123804,0.075760386740932,0.2017753571271896,1221.642461823115,533.6054761353147,1212.034228389297,543.9380856317108,10.332609496396117,9.608233433817986,3.293472779,1.353583035
5037.0,299,0.039215687662363,171.3319009953706,1.5642713097965016e-05,0.0013514220203609,0.0268247367607222,1.19199799441315e-05,0.0013747688112646,0.0270882792661816,5.6809814208570646e-05,0.0014187168695643,0.0201146428783734,0.0152718052268028,0.0487472171832447,0.5281219482421875,0.021048007479071,0.0670010984086744,0.5444959293945333,0.0027630859985947,0.0359269254505923,0.1427356302738189,1185.243020260998,684.904287008365,1046.9281947272295,583.7923226507743,101.11196435759075,138.3148255337685,3.459822632,1.506601477
7235.0,738,0.039215687662363,675.4632090337326,1.0617077350616455e-06,0.0198174783273541,0.3456339836120605,1.997374658189008e-06,0.0030536572266712,0.0466706631537116,1.6918762057463117e-07,0.00150772849083,0.0177289359271526,0.0013683800352737,0.1610288195284081,1.467078447341919,0.0181403312218184,0.2213778528649385,1.50024434050804,0.0157891120761632,0.1164555923115219,0.576177716255188,1477.1803548484327,903.8572594750391,1447.6586134301579,229.03949626649668,674.8177632085424,29.521741418274814,3.587015191,1.320097713
5704.0,237,0.062745101749897,100.95076733798182,8.761006243088667e-07,0.0020304044640584,0.0199862541630864,1.0186184102834549e-06,0.000651277376884,0.0091212238464656,5.257042015300078e-07,0.0011938295564328,0.0146104572340846,0.0036632539704442,0.0302392045992839,0.0847904160618782,0.0237508124233208,0.0450489121685783,0.1655127444628371,0.0123821245506405,0.0303348794365612,0.1577496975660324,1587.0668367942328,677.5238516537963,1503.9686016909411,620.2024703999797,57.32138125381664,83.0982351032917,3.426585125,1.331143848
12382.0,1134,0.0411764718592166,109.43292288143266,4.542711063880813e-08,0.0025786544695716,0.3622958064079284,3.3486906037549337e-07,0.0009198528352399,0.0848001547037821,4.298569613390348e-08,0.0011834397670455,0.0252232199365442,5.20120192959439e-06,0.0323206498652026,0.9028446078300476,5.20120192959439e-06,0.03654746602964,0.9526072425675433,9.546405635774136e-06,0.0123816772506991,0.3038620948791504,1497.8035463621225,762.5148039595914,1393.3472652866892,729.888894711516,32.62590924807546,104.45628107543325,3.555088824,1.34495133
122.0,6,0.0352941192686557,2.9975108167246143,0.0008236181319636,0.0015659195194269,0.0037914209396523,0.0003352364156368,0.0009861297640929,0.0020545291146519,0.0004749613052064,0.0006114787313549,0.0008785541662398,0.0095016388222575,0.0335857158526778,0.0799712762236595,0.0316227982425004,0.0419142193369661,0.0816131506975874,0.0162880737334489,0.0190098848193883,0.0360920615494251,1360.186673110033,649.9702263300733,1357.453178534267,648.7401537709785,1.230072559094765,2.7334945757661444,3.498767113,1.552713304
106.0,4,0.0313725508749485,1.4710163342829334,0.0009402573546942,0.0003134191182314,0.0009402573546942,5.030231489658963e-06,0.0013321927344845,0.0039915479719638,0.0008527949411312,0.0016147809710317,0.0039915479719638,0.0319687500596046,0.0106562500198682,0.0319687500596046,0.031932383775711,0.0213452651406901,0.0321034116463594,0.0029373557772487,0.0116232465176532,0.031932383775711,1347.0658991463554,650.4622553537112,1345.972501316049,649.4781973064354,0.9840580472757665,1.0933978303064578,3.579257466,1.346695195
2227.0,262,0.0431372560560703,616.0397140113453,3.579724580049515e-05,0.0107730840413261,0.0859280750155448,6.406223348266936e-06,0.0030619717351303,0.0144363244072609,9.785095850626629e-06,0.0031024777978979,0.0127186079819997,0.0006883734604343,0.0582957182778045,0.2130474299192428,0.0264288344497635,0.3126249752863487,0.7778991353604513,0.0046372031792998,0.3035195939478347,0.774606466293335,1247.0199976733136,796.8409468337934,1302.2365881037902,183.28079706817095,613.5601497656224,55.21659043047657,3.422386516,1.499705845
600.0,53,0.039215687662363,220.53920435254088,1.315751433139667e-06,0.0147925646510633,0.0804612338542938,2.535615580483724e-05,0.0137327357269661,0.0616530007294167,1.5797300471199885e-06,0.0071505107310321,0.0391062796115875,3.289378582849167e-05,0.5695883012812584,2.777288913726806,0.0193145646524691,0.5882310981710046,2.781745459832803,0.0069691850803792,0.072794872112214,0.2775781452655792,1115.265559121384,474.06993580122554,894.9460102102378,464.2293553284673,9.840580472758234,220.31954891114628,3.251141503,1.376458797
7997.0,657,0.039215687662363,557.0985305618705,1.6316771507263184e-06,0.0035711577952425,0.0605380137761433,4.93457670724777e-05,0.0029725846160362,0.0607808094394097,0.0001775162028414,0.0201571742890122,0.1082254573702812,0.0329303778707981,0.1269145414027028,2.1833200454711914,0.0319801196455955,0.2254383625763659,2.1959762378247616,0.0129618365317583,0.159267979781241,0.7016561627388,1602.3744064185232,222.8891334710228,1045.2880979817699,219.19891579373848,3.6902176772843234,557.0863084367534,3.432544587,1.40091754
173.0,10,0.0431372560560703,4.615965130503154,0.0001923225354403,0.0013548187287882,0.0044443950884872,0.0001632312290551,0.0013427234321492,0.0033263800996734,0.0009800300135144,0.0024354097646416,0.0050134302582591,0.0095099844038486,0.0414380646414226,0.0778637006878852,0.012628706361963,0.048966314555738,0.0957882088538,0.0019498894689604,0.0241809151937357,0.0557909049093723,1338.865415419057,294.4793136994861,1334.491824097831,295.9554007703998,1.4760870709137066,4.373591321225831,3.268949743,1.386657376
10198.0,551,0.0274509824812412,503.86167108133765,0.0,0.0084572619609091,0.0660092681646347,0.0035407183070977,0.0016921642752439,0.0119817513111968,0.0035407183070977,0.0018008871520161,0.0273850373923778,0.0,0.1058893426125128,0.7091174721717834,0.0531107746064662,0.1381322326328075,0.7175939322562483,0.0531107746064662,0.0665236088227935,0.4666980803012848,972.8397855368779,695.4830249121874,1176.1297771366083,234.45182976346467,461.0311951487227,203.28999159973034,3.455570418,1.552884645
123.0,7,0.0274509824812412,0.9184026588711921,0.0003532861144496,0.0018156593341948,0.0036021013345037,0.0001652961973063,0.0014512296791261,0.0036021013345037,8.343294211954344e-06,0.0001195391571584,0.00047546145148,0.0127477534115314,0.0416061896830797,0.0756441280245781,0.0176361871109504,0.0431383345247464,0.0756441280245781,0.0001747142523527,0.0072531734913354,0.0160174444317817,1400.0958078118265,621.9245719827123,1399.5492227922805,621.1865284472555,0.7380435354568817,0.5465850195460007,3.498767113,1.552713304
946.0,112,0.0431372560560703,569.4090847564338,1.3878013466156143e-05,0.0699767865080581,0.2630317807197571,6.515698989034497e-05,0.0063425689234362,0.0324051443053222,3.081560134887695e-05,0.0065098805181899,0.0241349674761295,0.0020939488895237,0.2932025313759925,0.930520474910736,0.030739028006792,0.7103757654526027,1.501034476790722,0.0058036670088768,0.6081673048168152,1.2570624351501465,1244.8332020127004,759.9387700609501,1493.5813223030295,247.73658492778642,512.2021851331637,248.7481202903291,3.422386516,1.499705845
1742.0,205,0.0470588281750679,284.8689896477905,1.9257267316182453e-05,0.0491035177888008,0.4950099842888968,8.074555961854222e-05,0.0063357573776079,0.033744321165357,9.462609887123108e-05,0.076590938134429,0.3999254533222743,0.0068493373692035,0.5146677374574995,1.987433195114136,0.0075169475264115,0.7982136202050887,2.3596241170511223,0.0030969465151429,0.4896881749794143,1.4065675735473633,1003.7390943257315,382.30652289275514,786.6996819577009,566.8173213352663,184.5107984425112,217.03941236803053,3.462607335,1.476871279
10870.0,1073,0.0745098069310188,60.246518107362654,3.855227987514809e-06,0.0207523895332973,0.2132290750741958,1.1756057558751087e-06,0.0020212268914109,0.0362941168414587,8.226682742436727e-06,0.0164489525965205,0.1701343314988272,4.993444599676877e-05,0.1745941647909153,0.8642787933349609,0.0113514445389111,0.2267446044058944,1.1765812223448655,0.0002447839360684,0.1305711793288911,0.80330491065979,1316.9974588129276,716.8862304926329,1263.4209651279104,744.4398558163559,27.553625323723054,53.57649368501711,3.445428693,1.341971941
141.0,9,0.0235294140875339,9.115825319467111,8.629569235969993e-05,0.0008181929994868,0.0023787008488879,8.629178236138869e-05,0.0008100263823149,0.0023787003465277,4.700315698488232e-07,0.0001071301791625,0.0008381795845967,0.0365777723491191,0.065143967512995,0.0977305471897125,0.0365777723491191,0.0652583177239783,0.0977305524402974,2.170012885471806e-05,0.001500673861301,0.011756214313209,1177.1411701296418,652.4304853438701,1168.0386331923403,651.9384563202323,0.49202902363788326,9.102536937301466,3.293472779,1.353583035
91.0,5,0.0235294140875339,1.4760870709137335,0.0014663043990731,0.00287991147264,0.0048447498394285,0.0002704787788143,0.0012634302390861,0.0033831525416601,0.0025521331652998,0.0025059298113645,0.0043471322953701,0.0113145438954234,0.0446707142982631,0.0710462033748626,0.0543074397625121,0.064469718414545,0.0714558212879342,0.0082407360896468,0.0292297608684748,0.0555625930428504,1369.4806685632454,641.3597184164098,1369.4806685632454,642.8358054873236,1.4760870709137635,0.0,3.498767113,1.552713304
9272.0,264,0.0431372560560703,344.55324035917045,3.3661467568890657e-07,0.0072072652317911,0.3739380093686508,4.788682727907255e-08,0.0053908202081869,0.4917462473551159,2.393087470409228e-07,0.0042276197108068,0.3196814105376137,4.131968671572395e-05,0.0981344165861178,12.369454383850098,3.8154876380376005e-05,0.1608658573669081,16.257126269185267,0.0,0.114785943327519,10.549443244934082,1125.2375751249936,689.5112504289968,1292.2504490448723,388.14165112105917,301.3695993079377,167.01287391987876,3.592833805,1.317997639
142.0,9,0.0274509824812412,4.302801791127757,6.6031685232051785e-06,0.0011125684473532,0.0026541616146763,3.925615490189783e-05,0.0014641048556052,0.003422314338372,0.0008305991068482,0.0050389942113885,0.0140338214114308,0.0001681767171248,0.0293112958097481,0.0589462295174598,0.0189736908771818,0.0646306859887376,0.1197810018430204,0.0042130472138524,0.0459044449962675,0.1197807788848877,1317.724796161296,643.3279484065688,1316.7134031682624,647.5101951074911,4.182246700922292,1.0113929930334962,3.293472779,1.353583035
2861.0,140,0.0274509824812412,157.56160789034624,6.319131096140208e-06,0.0076161471057775,0.0947923585772514,1.514296828733007e-05,0.0016521005754126,0.0140013184627534,5.602507906801561e-06,0.0012115694216917,0.00642816349864,0.0186144169420003,0.0751790503094028,0.7590937614440918,0.0460858410033539,0.1044746097962112,0.834974730278931,0.0213214438408613,0.0608449430061136,0.3540812134742737,1151.8563453038046,353.5228534838391,1231.7563917534499,217.72284295977568,135.80001052406345,79.90004644964529,3.383675691,1.419328928
536.0,18,0.039215687662363,7.657737596095295,0.0010330343947691,0.0008334699154478,0.0030550204894759,0.000332359845463,0.0010518432586007,0.0031692503416922,0.0013965687111896,0.0012549894534617,0.0088901410344988,0.0159002803266048,0.0130347186557842,0.047545488923788,0.0189548571267363,0.0205630132603124,0.0487342031184869,0.0103183183819055,0.0112047903650604,0.0482383780181407,1201.0972888004417,240.60216408503672,1193.4435039882965,240.84817859685566,0.24601451181894163,7.653784812145204,3.273037024,1.342907504
8484.0,309,0.0509803965687751,78.93277932564293,7.073767483234406e-05,0.0039715655726212,0.0548736225156223,3.339412953568769e-05,0.0010966741876589,0.011625893226099,5.534663796424866e-05,0.0018019251358769,0.0194104285910725,0.0032216412946581,0.0525913205121569,0.4715853631496429,0.0476333360443201,0.0733247488769627,0.5859025572565675,0.0011302012717351,0.0426631224200016,0.3758145272731781,1427.285944351551,894.872180163225,1404.0804555086859,819.4275717433101,75.44460841991497,23.20548884286518,3.580799368,1.63996346
1745.0,53,0.0549019649624824,84.53082154869247,8.408093208345235e-07,0.003214656730619,0.0192650083233328,1.3785127265972498e-05,0.0024460247186727,0.0128759851354093,1.9084662199020382e-05,0.0021474581471365,0.0083553957588532,2.6600153432809748e-05,0.0563456917719892,0.2437424659729004,0.019921738645705,0.1146182140246689,0.3978150227705234,0.012181244790554,0.0918351493668384,0.353578120470047,1282.9591234995848,998.9526983483631,1258.621659591214,918.0011842043668,80.95151414399629,24.337463908370864,3.445206488,1.533568286
183.0,8,0.0274509824812412,6.408339762018209,0.0009895270867716,0.0061042224395969,0.0245375803538731,0.0001382638894544,0.0018406114267266,0.006653573193706,9.722467278633675e-06,0.0039774625140934,0.0088928819579236,0.016677226871252,0.0474228153803518,0.1091691330075264,0.0548288825452269,0.0740300807061129,0.1091691330075264,0.0,0.0375976123628528,0.0838276669383049,1155.3962207794218,707.5377359913163,1160.4531857445893,711.4739681804195,3.9362321891032934,5.056964965167481,3.293472779,1.353583035
12757.0,282,0.0901960805058479,176.47941852625496,0.0025705576819532,0.0024419761648736,0.0190233057364821,1.971205808964406e-06,0.0010254123766284,0.0120111960573318,2.1956236651021762e-07,0.0010585023832582,0.0095750619383419,0.0436994805932045,0.0260680770204269,0.1642932295799255,0.0436994805932045,0.0436446108879588,0.2563089340873681,3.807128450716846e-05,0.0279262625836539,0.243516743183136,1254.0937593291917,708.7387666892743,1374.083116272787,579.3264821733617,129.41228451591257,119.98935694359534,3.516311745,1.481035458
1504.0,160,0.0666666701436042,86.38273633584292,0.0001092510065063,0.0563924730609546,0.2298446297645568,2.244089959331662e-05,0.0076062187822087,0.0824145148137641,2.703401777479384e-05,0.0345165875197495,0.3263788223266601,0.0037422080058604,0.4781692313783034,2.318453788757324,0.0296344091405178,0.5485650228320597,2.6857611148628977,0.0015152185223996,0.2446470878770832,1.355759859085083,1578.319654151781,488.5847635246421,1500.6884082000217,526.4709983447613,37.88623482011917,77.63124595175918,3.484431011,1.328473837
2318.0,263,0.0549019649624824,118.17008021675439,6.12603293524848e-08,0.0358138809967069,0.2307797372341156,1.1900120081686366e-05,0.0050332169102638,0.0599743115344173,1.1495314538478851e-05,0.024675945640625,0.144489511847496,0.0070150080136954,0.3304637057257048,2.033656358718872,0.0373031635172199,0.4065962661956541,2.6532593780767364,0.0034379567950963,0.1849088448242589,1.83557403087616,1450.9388069210772,261.5133975896479,1332.8517273523714,257.08513637690675,4.428261212741177,118.0870795687058,3.483075497,1.39277468
145.0,7,0.0352941192686557,1.3191766657838386,2.7583400400257425e-06,0.006418313608809,0.0182073923448721,3.083917917278525e-06,0.0084131049935009,0.0317136157068932,1.3791700200128712e-06,0.0066583639665625,0.0270336444179217,0.0469679944217205,0.0520889804320177,0.1221249103546142,0.0566676132499455,0.0668722385563376,0.1518084603706254,0.0317052975296974,0.0407711935816526,0.1128062307834625,1441.6449253634723,727.7108690126669,1442.7383231937788,726.9728254772101,0.738043535456768,1.0933978303064578,3.543674442,1.342505129
5729.0,549,0.039215687662363,668.5887597330278,1.9359317957423628e-06,0.0151090445023217,0.3531919377190726,3.660217919979752e-06,0.0022139785690071,0.0389275922263067,1.390775044759115e-07,0.0020216118367712,0.0232385365026337,4.839829489355907e-05,0.1026659537101619,1.236394286155701,0.0237625204026699,0.2054752422576199,1.3549447294006536,0.0237625204026699,0.1544745148922832,0.5826359987258911,1051.8484849636088,943.7116103897099,1116.3589569516905,278.24235591943506,665.4692544702748,64.51047198808169,3.389206009,1.352373717
7977.0,444,0.0509803965687751,158.521408100695,1.860782504081726e-06,0.0211631919946228,0.4687185708214255,6.339131611937665e-06,0.0054934148828805,0.0858983800270217,6.270441671778613e-07,0.0065097192156161,0.0710748694837093,0.000373309769202,0.3184059040375741,4.0625529289245605,0.0095662550589543,0.3541273708996998,4.066653988270691,5.786360998172313e-05,0.1069075281118468,0.7540122270584106,1556.3311018191916,1004.4596040724446,1519.541912190259,850.2662437981658,154.1933602742788,36.78918962893272,3.585453989,1.381998535
502.0,30,0.0196078438311815,55.23322739570918,0.0002224221825599,0.0017207343295811,0.0066866379450349,9.309821517850309e-06,0.0021972936768104,0.0100590373238294,1.207870595595416e-05,0.0020821989852443,0.0107143865350414,0.0096496762707829,0.0865920577840558,0.2734569907188415,0.0451466914493143,0.1353768272885772,0.4413287602871042,0.0232320483773946,0.097401686076974,0.3513121902942657,1178.658259619192,597.3232346964242,1141.7424153734698,556.2388112226586,41.08442347376558,36.915844245722155,3.383675691,1.419328928
978.0,100,0.0235294140875339,112.08617087537353,0.0001382678747177,0.0444939223530968,0.2162902440343584,0.000250311565425,0.0051091187060917,0.0266059501000441,2.1793879568576813e-05,0.0174943848877819,0.084048181772232,0.0133556211367249,0.4774900658647477,1.123777151107788,0.0334417186677455,0.5429871551709547,1.1544556397515868,0.0037903997581452,0.198824793060376,0.5043269395828247,1554.8116008001919,544.1839862479223,1455.8590971574565,491.53693766646956,52.64704858145279,98.95250364273534,3.53366033,1.434473204
10080.0,447,0.0666666701436042,95.19981081469999,2.7698915801011025e-07,0.0055341458118256,0.0550757218152284,1.900715510120665e-05,0.0010056573845497,0.0133551474062745,0.0003356391209222,0.0058432777193055,0.1013732627034187,6.9247289502527565e-06,0.035459465353814,0.2220405638217926,0.0210787729872521,0.0806607162158855,0.4624171794566558,0.0026741095352917,0.0664505124134964,0.4075032472610473,1268.887954279443,836.4492832366453,1296.7695989522579,745.4239138636317,91.02536937301363,27.8816446728149,3.370405926,1.429685317
10370.0,972,0.039215687662363,353.708123736952,0.0029291805500785,0.018842159911513,0.1592425107955932,0.0032121680177953,0.0017909316123085,0.0136587045489196,0.0013183037129541,0.0054855267501187,0.0725435838103294,0.0351501666009426,0.1780444109986462,0.7464757561683655,0.0385460162135438,0.2026639717468438,0.7655691480964203,0.0158196445554494,0.0766607377254045,0.3796712756156921,1239.3662128611682,756.4945668954847,1018.4998511392614,480.2202701227976,276.2742967726871,220.86636172190674,3.238063187,1.354116874
9330.0,672,0.0470588281750679,374.53792562810946,2.88495622650468e-07,0.0095119036916647,0.0348385758697986,2.973744811790535e-07,0.0006119229467139,0.0098494574591167,3.172181322952383e-06,0.0004363952817634,0.0046953622783933,6.923894943611231e-06,0.0491257215422035,0.1411274969577789,7.136987548297285e-06,0.0669682026169816,0.1562729351579514,1.435083231626777e-05,0.0409082578095221,0.1394086182117462,1049.6616893029957,461.2771811866399,1275.995040176435,162.86157835024676,298.41560283639313,226.33335087343926,3.304935289,1.358731568
116.0,5,0.0235294140875339,2.022785986066968,6.096482620170505e-07,0.00055162803243,0.0013851044078667,0.000401068865532,0.0007413672866076,0.0016330100132635,0.00080035101961,0.000657760452997,0.0009313900681102,1.0364020454289856e-05,0.0187347187386421,0.0478525385260582,0.0158336345497978,0.0246166497433657,0.0535640573113088,0.0105779524892568,0.012619761750102,0.0240674633532762,1131.1227889466181,369.51379675207124,1129.1000029605511,369.51379675207124,0.0,2.0227859860669923,3.293472779,1.353583035
8940.0,214,0.1019607931375503,115.66208031898704,4.895240391618503e-07,0.0019451985626073,0.0312483496963977,3.280651330803564e-06,0.0011982808047981,0.0146894309018627,3.270106390118599e-06,0.0012008485743688,0.0147915766574442,0.0640031993389129,0.0218072821958636,0.2815853655338287,0.0675969354982421,0.0403899871873297,0.2819344985031385,0.0069349044933915,0.0242028343968911,0.1766232103109359,1195.7970434556523,654.2204000208685,1275.0352980410455,569.9647424424234,84.25565757844515,79.23825458539318,3.463073503,1.475162724
8787.0,154,0.0470588281750679,139.95803235405603,9.299768777282225e-08,0.0027961956173348,0.0431139823049306,0.0003194823578474,0.0017739486303192,0.010036286846519,0.0002817295205134,0.0016122275884919,0.010168415804704,0.0,0.034216033551478,0.3593553602695465,0.0,0.0775869558564773,0.519179871363612,0.0,0.0606320390800355,0.4004227817058563,874.2517478375779,509.43591709639014,875.1847806527728,369.48099481716207,139.95492227922807,0.9330328151949061,3.269509172,1.325249698
563.0,68,0.062745101749897,531.0507833278177,0.010162043902609,0.1832586320815221,0.701335608959198,1.3165258400574252e-05,0.0168552344332046,0.0740752654636425,0.000630733039644,0.0226322463662177,0.1219893991947174,0.0417367480695247,0.7539121583104134,2.8227181434631348,0.1296980232000351,1.093794090620269,3.513644857934693,0.0473436936736106,0.7639972837780838,2.1360833644866943,1033.2607218483988,872.8594309858507,1423.0571622482623,512.2021566592618,360.6572743265889,389.7964403998635,3.484431011,1.328473837
12290.0,731,0.1411764770746231,8.135958579432627,1.100416514365112e-05,0.0093539315066942,0.7937352657318115,9.011789569602729e-06,0.0032265954109944,0.0605786519442577,7.6837714004796e-06,0.0108177030716986,0.610892136891683,0.00732346996665,0.0669454678078649,1.2001713514328003,0.0093079826152734,0.1141201818884177,1.728707164379227,0.0018296701600775,0.0875505412218058,1.4138941764831543,1260.2011363088727,587.7286687354849,1260.734167751147,579.6101898454593,8.118478890025585,0.5330314422742504,3.385765298,1.318762033
12274.0,329,0.0941176563501358,128.7019919714875,0.0,0.0019673784904352,0.0198007244616746,0.0,0.0008947244090342,0.007761838255349,0.0,0.0014187766850048,0.0140874780276242,0.0,0.0251458683737726,0.15944305062294,0.0,0.0462116578249164,0.1620282325877287,0.0,0.0322147960582884,0.1476551592350006,1265.9794975170005,718.6511969926207,1315.7864003992477,599.9773786386669,118.67381835395383,49.806902882247186,3.435128553,1.461801002
6724.0,733,0.0509803965687751,1070.0731494203176,3.946945071220398e-06,0.0528145189160203,1.5494279861450195,6.278608002743824e-06,0.004828377698864,0.2105490013035586,1.698266714811325e-06,0.0075156118105222,0.1898558512330055,0.0001419899635948,0.2571951518252096,6.248236656188965,0.0076061329114374,0.2913820716667197,7.052098410335999,0.0002532927610445,0.1156127999881486,3.3840343952178955,387.6095023697415,733.8612318081408,1376.5877544602374,325.2311276768556,408.63010413128524,988.978252090496,3.363167576,1.340982421
156.0,16,0.0274509824812412,2.2065245014244006,0.0002944585867226,0.0067780124542929,0.045573279261589,0.0001383236974891,0.0030234647284576,0.009479355780441,0.0017810696735978,0.0132923258167923,0.0272626904770731,0.0103288441896438,0.0466475466887156,0.079112023115158,0.026136254537042,0.0933164596458496,0.1495528761320649,0.0240087229758501,0.0787018330146869,0.1302188038825988,1381.5080446966165,632.0111669672896,1379.8679479511568,633.4872540382032,1.4760870709136498,1.6400967454596866,3.579257466,1.346695195
9676.0,815,0.0549019649624824,511.7910347382927,0.0,0.0056367931590166,0.0258502640894481,0.0,0.0005248749254377,0.0081358799301668,0.0,0.0004726683397796,0.01020064111799,0.0,0.0314656223984242,0.1069024205207824,0.0,0.0705949169766871,0.2017235338997012,0.0,0.0585779755379711,0.1931905299425125,1197.270396394369,636.6854426918497,1382.0547436117697,159.41737518478138,477.2680675070684,184.78434721740064,3.424060257,1.527844702
9205.0,514,0.0313725508749485,585.9388265903034,1.8591120298130108e-07,0.0052685778373114,0.0494243204593658,5.1761818404737615e-06,0.0012635966925275,0.0411870164799724,5.5052120895946726e-06,0.0026459749160949,0.0619440097361803,1.034105025610188e-05,0.0694013622242248,0.4958541989326477,0.0130131954685697,0.127645605983308,0.6554253097132429,0.0004041055799461,0.0967547998487446,0.5604578256607056,1042.6259020561884,922.5544193210834,1154.3848277863883,347.37249068836525,575.1819286327182,111.75892573019996,3.57101405,1.322950827
297.0,19,0.0274509824812412,42.79128389643617,7.17622392317828e-05,0.0068901465690804,0.0232524601742625,5.366019851853117e-05,0.0077222229737139,0.0288579856447893,6.319416893853081e-05,0.0283524840435336,0.1113156601786613,0.0536464974284172,0.1540277380910184,0.3723268210887909,0.1318414065926307,0.3479696830996752,0.921359182555958,0.0538650602102279,0.2787038005060619,0.8999261260032654,1109.883536092915,502.85366215794517,1088.6442832392117,540.0018534426075,37.148191284662346,21.239252853703192,3.281569149,1.3292761
69.0,6,0.0274509824812412,158.16273860084786,0.0233661142679361,0.2147052586427814,0.7437574182237897,0.016058573455156,0.1200573963016349,0.4298620928580783,0.0255768046929286,0.2682405013619948,0.9210318837847028,0.3037594854831695,1.405610865354538,3.554309368133545,0.4503610236174265,2.25297340605466,5.647961974874606,0.3324984610080719,1.7601451456546784,4.389346122741699,932.3840658155385,123.74529944493466,1031.50057913282,246.9985698662314,123.25327042129675,99.11651331728137,3.293472779,1.353583035
895.0,13,0.039215687662363,4.038269906805302,0.0,0.0004073280031137,0.0020875179154031,0.0004800206445383,0.0004629112798775,0.0022886001976204,0.0003189409896731,0.000421347761982,0.0016770217334851,0.0,0.0050735241966322,0.0354878045618534,0.0158406812697649,0.0110148191638686,0.038906203359548,0.0158406812697649,0.0079921907745301,0.0372862108051776,1694.76652307942,663.9930535037538,1696.4066198248797,660.3028358264694,3.6902176772844086,1.6400967454596866,3.434912524,1.523800802
11298.0,1035,0.039215687662363,0.0,1.197887203571471e-09,2.091588671208409e-05,0.0001242728400635,9.874003827125795e-10,8.407894664147053e-06,0.0001139096681718,2.0997752223841167e-09,1.0806530277082112e-05,3.677998999288926e-05,4.554010047286283e-06,0.0001211150434255,0.0004365442437119,5.0915380179745805e-06,0.0001440981617035,0.0004880713020631,2.2143246951600304e-06,6.258640686165235e-05,0.0002182721218559,1275.833877892072,715.9063296350243,1275.833877892072,715.9063296350243,0.0,0.0,3.356375329,1.429806959
1318.0,78,0.0274509824812412,155.8049688311416,7.706288063976293e-06,0.0264503120683612,0.2599522396922111,4.604985209791593e-05,0.0070521780351171,0.0787556897235885,0.0001644211656907,0.0101748272474826,0.0406760107725858,0.0001849509135354,0.2740335453179961,2.3190712928771973,0.0089263671380623,0.3709903651238486,2.5555922517418925,0.0006552843260578,0.219814236070235,1.0737597942352295,992.0562524045141,277.75038384360084,1104.8265711277477,170.24204217871724,107.5083416648836,112.77031872323357,3.293472779,1.353583035
614.0,51,0.039215687662363,334.1790137170203,0.0133044095709919,0.0198773030927258,0.0782507359981536,5.90056554033154e-05,0.0202980188330585,0.0681222517266747,0.0001304084435105,0.0271822416570411,0.0691868841648101,0.028353564441204,0.0852097743377089,0.2942179441452026,0.0316222161054611,0.986513013096026,3.8134348549216175,0.0316222161054611,0.9766592149622738,3.8113772869110094,1268.887954279443,611.5919624863162,1295.6762011219514,278.488370431254,333.1035920550622,26.788246842508443,3.251141503,1.376458797
131.0,9,0.0235294140875339,33.030481753640956,0.0003758361563086,0.0048924198524807,0.0122098379275378,0.0001956089170444,0.0056882124115969,0.0121925800636042,0.0019008905681617,0.0122877498700593,0.0270719779655337,0.1512015163898468,0.2672472354024648,0.522628664970398,0.1785328813036008,0.3085111361012376,0.523617489220254,0.0123835774138569,0.1076200563693419,0.2214644849300384,1143.25950486302,204.93008834519,1112.4120185754987,216.73878491249985,11.808696567309852,30.847486287521406,3.293472779,1.353583035
2614.0,303,0.0705882385373115,131.22756736385747,1.5031546354293823e-05,0.0423449113307811,0.5486815571784973,1.7075300387595083e-05,0.0055314251170714,0.1434344687673413,4.379202922185262e-05,0.043361708329792,0.2660814076662063,0.0031290536280721,0.3562150451012375,1.1288539171218872,0.0309558751082823,0.4806256282402145,1.587106526107775,0.0072510847821831,0.2945694411944425,1.2925430536270142,1101.598086242553,765.843118344605,1026.7003348665598,873.5974745213076,107.75435617670257,74.89775137599327,3.484431011,1.328473837
8907.0,518,0.0799999982118606,512.2845114762215,8.338640113566618e-07,0.0091211978327206,0.0970435112714767,3.0426723031793e-07,0.0012953195277478,0.0193739587664509,8.0682670655237e-06,0.0062408312263097,0.0655321516096592,0.0,0.0907614974191858,0.4132193624973297,0.0,0.1761683630730807,0.618799088342699,0.0,0.1314950254518953,0.5547022223472595,352.2198877360573,654.9890362667874,749.2253506014675,331.2266493941731,323.7623868726143,397.00546286541027,3.354665482,1.475873587
207.0,23,0.039215687662363,194.83744503931737,0.0006376502380983,0.0353274019778904,0.0824682182735866,0.0001518951093629,0.0341230960308253,0.082555244209438,0.0002868909489464,0.0120054028655341,0.0660247076302766,0.023593058809638,1.30329027983614,3.1805613040924072,0.0258710244927245,1.3118041430857137,3.1809399065421045,0.0008570100180804,0.0473310494245114,0.1608765423297882,1132.2132254911342,562.1430456107062,937.5885255921901,571.2455825480075,9.102536937301352,194.62469989894407,3.251141503,1.376458797
105.0,4,0.0313725508749485,1.199004326689846,0.0001809426938139,0.0021462067674658,0.0054565110476687,0.0002999083349015,0.0007256250159879,0.0009984226295059,0.0003605160862207,0.0028417433442045,0.0071828241925686,0.0,0.0145506961271166,0.0360524952411651,0.0,0.0271560780664291,0.0419337504392497,0.0,0.0191541978468497,0.0412393696606159,1154.0811820972635,526.2249838329423,1155.17457992757,525.7329548093044,0.49202902363788326,1.0933978303064578,3.449002491,1.570672193
479.0,58,0.039215687662363,365.3576715414154,5.725357267591688e-05,0.0340521059691484,0.1341297456196376,0.0004624311315675,0.0167848129971442,0.0668671997811421,0.0005521386861801,0.0186805327456113,0.0657572065080915,0.0146747240796685,0.2417320727877188,0.574643611907959,0.0726314708590507,0.9295519209907288,3.5172876453932425,0.0174275059252977,0.8592421768004435,3.4700284004211426,1208.2043746974339,679.737982260167,1212.5779660186597,314.4064891568215,365.33149310334545,4.373591321225831,3.251141503,1.376458797
210.0,22,0.0509803965687751,21.697835299214535,1.610314029676374e-05,0.03308672260798,0.0917835576193673,0.0006345955137051,0.004746130664966,0.0143776569341968,0.0003045154019043,0.0050937787673775,0.0325489789247512,0.0001288251223741,0.1335746897349877,0.3265504240989685,0.0062299207784235,0.1686007256752544,0.4237350493893043,0.0062299207784235,0.0960199098945373,0.273561954498291,1511.075687587933,631.5191379436517,1529.1167517879899,619.4644268645228,12.054711079128879,18.04106420005678,3.530880655,1.409420359
4067.0,392,0.0313725508749485,391.21325747851245,1.3626231520902366e-08,0.0029168199946186,0.018418866608824,5.062147349429076e-06,0.0008349357802711,0.0102709191309954,2.8330832719802856e-06,0.0008257846845616,0.0102709189933889,1.1124171578558162e-05,0.0143278822248257,0.1107573807239532,0.0127655784488391,0.1236580207662904,0.3087324916562722,0.0064208428375422,0.1223256991151363,0.3041090369224548,1112.5320645456177,794.3808017156039,1140.960408133586,404.2018144446422,390.17898727096167,28.428343587968357,3.417409896,1.346413692
129.0,4,0.0470588281750679,1.7201430207163906,0.001100449568846,0.0016186854265856,0.0037556067109107,7.489211061159544e-07,0.0012521185440056,0.0037556067109107,0.0017447656754291,0.0005815885584763,0.0017447656754291,0.0275304783135652,0.0304585974663496,0.0638453140854835,0.0638205996889817,0.0425553045914884,0.0638453140854835,0.0575772672891616,0.0191924224297205,0.0575772672891616,1277.2992481720567,584.2826973250349,1275.6012855737984,584.0073520388308,0.2753452862040149,1.6979625982583002,3.463073503,1.475162724
85.0,6,0.0235294140875339,5.572709899719116,0.0032267596791772,0.0107414646348094,0.0307916142046451,0.0001710223008005,0.0016029595094503,0.0049837322070656,0.0015903978741594,0.0113743779703411,0.0238709673285484,0.0548549145460128,0.0655549123883247,0.0925081074237823,0.0445311404764652,0.1059803873248663,0.1292545879965814,0.0445311404764652,0.0778936244547367,0.1170371174812316,1250.972858621086,697.697155518558,1254.0070376001865,702.3714312431182,4.674275724560175,3.0341789791004885,3.293472779,1.353583035
173.0,21,0.0352941192686557,159.9243844322781,1.5519011867581866e-06,0.0231700649095209,0.0625261794775724,0.0001542207861512,0.0291048411630224,0.1391744770446571,0.0001540204717053,0.0291531890290715,0.1415174007415771,3.103802373516373e-05,0.136852967307459,0.2904373407363891,0.0315915498616647,1.1764323756456498,2.886787726060053,0.0315915346145629,1.1604498641565442,2.886172294616699,1171.575547382167,516.630417872003,1173.76234304278,356.7209851896819,159.9094326823211,2.1867956606129155,3.251141503,1.376458797
9559.0,717,0.0509803965687751,215.0448499710073,1.760794154560084e-06,0.0218035961210457,0.1770317724772862,0.0004100803726756,0.0022531625552334,0.0226521394450884,0.0093710314896371,0.0076370133488601,0.0898062884807586,0.0355727076530456,0.1545354633791304,0.7960431575775146,0.0355727076530456,0.1970802211004666,0.8425922155318872,0.0843392834067344,0.0901027826632913,0.6620528697967529,1247.5666965884668,714.1800139148207,1356.3597807039605,528.6851289511319,185.49488496368883,108.79308411549368,3.310580789,1.373450112
122.0,6,0.0313725508749485,1.0933978303064693,0.0,0.0003043299675174,0.000969842753627,0.000326690574487,0.0032027914382074,0.0080144712701439,0.000326690574487,0.0041264929879717,0.0080144712701439,0.0,0.0064009621739387,0.0320048108696937,0.0631356984376907,0.0634766647547394,0.1087802276015281,0.0631356984376907,0.0621646538376808,0.1087802276015281,1409.9363882845846,614.5441366281437,1408.8429904542782,614.5441366281437,0.0,1.0933978303064578,3.579257466,1.346695195
162.0,12,0.0470588281750679,6.301045933552658,1.5605654981401232e-05,0.0017347324548606,0.0071323974989354,0.0004266884362761,0.0020281991927757,0.0078191490445231,0.0003546016911665,0.0088889110213795,0.0170818492770195,0.0,0.0638369071212681,0.1128744781017303,0.0,0.0758026679408893,0.1311258941661036,0.0,0.0398010194132273,0.0699213519692421,1328.4781360311454,293.4952556522103,1323.5578457947663,297.4314878413136,3.9362321891032934,4.92029023637906,3.268949743,1.386657376
604.0,69,0.0352941192686557,88.07660991224957,2.070659150679906e-05,0.0025446113939342,0.0094778972367445,8.228842766657018e-05,0.0022599357133091,0.0070798828289539,3.752697791372027e-06,0.0029700947762859,0.0307709301511446,0.0006905862828716,0.1672053442264715,0.3846763372421264,0.011068749454894,0.1722372260358045,0.384683262308416,0.0001226060267072,0.0225900071399176,0.0830907672643661,1272.1681477703623,245.27643980959687,1184.1496224306916,242.07825115595045,3.1981886536464117,88.01852533967076,3.273037024,1.342907504
7118.0,41,0.0509803965687751,14.27923251270519,0.0027923283769803,0.0006438591012513,0.0050459768002231,0.0007011302582481,0.0006093641321478,0.0033995942317075,0.0007011302582481,0.0018376659039356,0.0182352932170033,0.0474695824086666,0.0068175517184954,0.0628246739506721,0.0238384287804365,0.0164436955531245,0.0849898557926879,0.0238384287804365,0.0131973874522373,0.0814948454499244,1232.2591269641762,903.3652304514012,1224.605342152031,915.41994153053,12.054711079128765,7.653784812145204,3.439913752,1.344401103
885.0,19,0.0352941192686557,3.487322059809139,0.0077873890598615,0.0009565243011597,0.0077873890598615,0.013086827553551,0.002022373929833,0.013086827553551,0.0105176816383997,0.0032417158523913,0.013522137175588,0.0700865015387535,0.0074304766679031,0.0700865015387535,0.1177814479819591,0.0287882163875852,0.1650240509696599,0.0946591347455978,0.0262543372809886,0.1650240421295166,1460.7793873938356,667.6832711810381,1461.3260863089888,671.1274743465035,3.44420316546541,0.5466989151532289,3.124386587,1.328262148
